CodCirc2,NumPanneauCand,position_t2,NbCand,NbVoix_t2,RapportExprimes_t2,CodNuaCand,position_t1,NbVoix_t1,RapportExprimes_t1,change,NbVoix_ecart,RapportExprimes_ecart
ZS001,1,1,2,1665,61.74,DVD,1,1184,43.09,False,481,18.65
ZS001,2,2,2,1032,38.26,SOC,2,464,16.89,False,568,21.369999999999997
ZP002,1,1,2,17838,55.88,DVD,1,12986,49.09,False,4852,6.789999999999999
ZP002,5,2,2,14086,44.12,UG,2,11162,42.19,False,2924,1.9299999999999997
ZP003,3,1,2,17308,50.87,UG,1,12483,42.71,False,4825,8.159999999999997
ZP003,4,2,2,16716,49.13,DVD,2,12006,41.08,False,4710,8.050000000000004
ZN001,2,1,2,34577,52.41,DVD,1,22316,39.81,False,12261,12.599999999999994
ZN001,4,2,2,31399,47.59,REG,2,20370,36.34,False,11029,11.25
ZN002,2,1,2,51724,57.44,REG,1,32926,44.06,False,18798,13.379999999999995
ZN002,6,2,2,38320,42.56,DVD,2,27038,36.18,False,11282,6.380000000000003
ZX001,1,2,2,3095,43.98,DVD,2,1378,19.92,False,1717,24.059999999999995
ZX001,8,1,2,3942,56.02,DVC,1,2867,41.44,False,1075,14.580000000000005
ZZ001,1,1,2,50333,54.25,ENS,1,36363,38.84,False,13970,15.409999999999997
ZZ001,8,2,2,42439,45.75,UG,2,33822,36.12,False,8617,9.630000000000003
ZZ002,6,1,2,9947,53.27,ENS,2,6440,33.49,True,3507,19.78
ZZ002,7,2,2,8725,46.73,UG,1,6952,36.16,True,1773,10.57
ZZ003,1,2,2,37326,49.46,UG,1,26873,39.22,True,10453,10.240000000000002
ZZ003,5,1,2,38134,50.54,ENS,2,26810,39.13,True,11324,11.409999999999997
ZZ004,2,2,2,36127,49.76,UG,1,27898,37.45,True,8229,12.309999999999995
ZZ004,9,1,2,36476,50.24,ENS,2,26410,35.46,True,10066,14.780000000000001
ZZ005,2,2,2,16230,38.53,UG,2,11267,26.18,False,4963,12.350000000000001
ZZ005,8,1,2,25894,61.47,DVC,1,14492,33.68,False,11402,27.79
ZZ006,3,1,2,34771,59.48,ENS,1,25590,40.54,False,9181,18.939999999999998
ZZ006,4,2,2,23687,40.52,UG,2,19446,30.81,False,4241,9.710000000000004
ZZ007,1,1,2,34516,58.21,ENS,1,21929,37.78,False,12587,20.43
ZZ007,5,2,2,24784,41.79,UG,2,18914,32.58,False,5870,9.21
ZZ008,5,2,2,16428,47.3,LR,1,11557,35.58,True,4871,11.719999999999999
ZZ008,6,1,2,18302,52.7,ENS,2,7855,24.18,True,10447,28.520000000000003
ZZ009,8,2,2,8893,25.29,ENS,2,5634,15.7,False,3259,9.59
ZZ009,9,1,2,26271,74.71,UG,1,18505,51.57,False,7766,23.139999999999993
ZZ010,3,1,2,17055,53.23,ENS,2,11398,31.82,True,5657,21.409999999999997
ZZ010,6,2,2,14986,46.77,UG,1,11651,32.52,True,3335,14.25
ZZ011,2,2,2,16172,42.96,UG,2,12502,29.78,False,3670,13.18
ZZ011,13,1,2,21468,57.04,ENS,1,16770,39.94,False,4698,17.1
ZA001,4,1,2,18043,77.59,DVG,1,12042,51.4,False,6001,26.190000000000005
ZA001,7,2,2,5211,22.41,DVG,2,2965,12.65,False,2246,9.76
ZA002,6,1,2,19801,72.38,DVG,1,10903,41.33,False,8898,31.049999999999997
ZA002,14,2,2,7557,27.62,RN,2,4563,17.3,False,2994,10.32
ZA003,2,1,2,21715,69.15,DVG,1,10672,36.21,False,11043,32.940000000000005
ZA003,10,2,2,9687,30.85,RN,2,7635,25.9,False,2052,4.950000000000003
ZA004,1,1,2,15068,71.09,SOC,1,12617,57.9,False,2451,13.190000000000005
ZA004,6,2,2,6127,28.91,DVC,2,4763,21.86,False,1364,7.050000000000001
ZB001,2,2,2,4081,18.03,REG,2,3106,13.42,False,975,4.610000000000001
ZB001,8,1,2,18552,81.97,REG,1,13095,56.56,False,5457,25.409999999999997
ZB002,4,1,2,17230,65.68,REG,1,12017,48.31,False,5213,17.370000000000005
ZB002,5,2,2,9003,34.32,DVD,2,6732,27.06,False,2271,7.260000000000002
ZB003,2,1,2,10243,54.53,SOC,2,4489,25.26,True,5754,29.27
ZB003,3,2,2,8541,45.47,DVG,1,6626,37.28,True,1915,8.189999999999998
ZB004,4,1,2,21620,86.58,REG,1,15405,63.18,False,6215,23.4
ZB004,7,2,2,3350,13.42,RN,2,2408,9.88,False,942,3.539999999999999
ZC001,1,1,2,14302,76.11,REG,1,12895,62.78,False,1407,13.329999999999998
ZC001,3,2,2,4490,23.89,DVD,2,3308,16.1,False,1182,7.789999999999999
ZC002,5,1,1,8422,100.0,REG,1,8307,60.21,False,115,39.79
ZD001,1,1,2,27276,64.72,UG,1,19186,46.25,False,8090,18.47
ZD001,3,2,2,14868,35.28,RN,2,11451,27.6,False,3417,7.68
ZD002,1,2,2,13749,32.54,RN,2,8513,21.31,False,5236,11.23
ZD002,5,1,2,28500,67.46,UG,1,19068,47.72,False,9432,19.739999999999995
ZD003,1,1,2,22831,51.43,RN,1,13360,31.56,False,9471,19.87
ZD003,3,2,2,21559,48.57,DVG,2,10076,23.8,False,11483,24.77
ZD004,2,1,2,32405,60.59,DVG,1,22696,42.28,False,9709,18.310000000000002
ZD004,6,2,2,21075,39.41,RN,2,14797,27.57,False,6278,11.839999999999996
ZD005,5,1,2,20285,53.75,DVG,1,11536,33.18,False,8749,20.57
ZD005,9,2,2,17456,46.25,RN,2,10456,30.07,False,7000,16.18
ZD006,3,1,2,21974,58.23,DVG,1,10818,29.76,False,11156,28.469999999999995
ZD006,7,2,2,15764,41.77,RN,2,9790,26.93,False,5974,14.840000000000003
ZD007,9,1,2,29190,57.33,UG,1,14851,29.55,False,14339,27.779999999999998
ZD007,10,2,2,21725,42.67,RN,2,12853,25.57,False,8872,17.1
ZM002,5,2,2,11153,46.23,LR,2,6226,27.8,False,4927,18.429999999999996
ZM002,8,1,2,12974,53.77,RN,1,7933,35.42,False,5041,18.35
75001,1,2,2,20132,36.36,UG,2,20138,32.09,False,-6,4.269999999999996
75001,6,1,2,35239,63.64,ENS,1,28048,44.7,False,7191,18.939999999999998
75002,7,1,2,28294,56.5,ENS,2,13325,23.62,True,14969,32.879999999999995
75002,12,2,2,21784,43.5,UG,1,18845,33.4,True,2939,10.100000000000001
75003,1,2,2,22444,46.41,ENS,2,18001,33.99,False,4443,12.419999999999995
75003,2,1,2,25915,53.59,UG,1,24441,46.15,False,1474,7.440000000000005
75004,1,1,2,24026,51.93,ENS,1,19677,37.19,False,4349,14.740000000000002
75004,10,2,2,22236,48.07,DVD,2,14048,26.55,False,8188,21.52
75011,4,1,2,25213,50.58,UG,1,24195,43.7,False,1018,6.8799999999999955
75011,7,2,2,24631,49.42,ENS,2,19295,34.85,False,5336,14.57
75012,2,1,2,31676,65.2,ENS,1,22145,39.36,False,9531,25.840000000000003
75012,4,2,2,16904,34.8,UG,2,16294,28.96,False,610,5.839999999999996
75013,6,1,2,27970,55.76,ENS,1,21698,38.85,False,6272,16.909999999999997
75013,10,2,2,22192,44.24,UG,2,20722,37.11,False,1470,7.130000000000003
75014,2,1,2,34722,72.33,ENS,1,26351,47.71,False,8371,24.619999999999997
75014,5,2,2,13282,27.67,UXD,3,9702,17.56,True,3580,10.110000000000003
75015,9,1,2,28858,74.19,DVG,1,23103,41.87,False,5755,32.32
75015,11,2,2,10039,25.81,UG,2,12619,22.87,False,-2580,2.9399999999999977
77001,3,1,3,16967,37.72,UG,1,14701,33.31,False,2266,4.409999999999997
77001,6,3,3,11900,26.46,ENS,3,12816,29.04,False,-916,-2.5799999999999983
77001,8,2,3,16110,35.82,UXD,2,14542,32.95,False,1568,2.8699999999999974
77002,3,2,2,21007,40.02,RN,1,18887,35.06,True,2120,4.960000000000001
77002,7,1,2,31490,59.98,ENS,2,18171,33.73,True,13319,26.25
77003,1,2,2,20250,41.49,RN,1,19153,38.13,True,1097,3.3599999999999994
77003,4,1,2,28560,58.51,LR,2,15914,31.68,True,12646,26.83
77004,4,2,2,27203,48.3,LR,2,16060,28.01,False,11143,20.289999999999996
77004,5,1,2,29118,51.7,RN,1,27317,47.64,False,1801,4.060000000000002
77005,3,2,2,25175,45.6,UXD,1,23820,41.77,True,1355,3.8299999999999983
77005,5,1,2,30038,54.4,ENS,2,17923,31.43,True,12115,22.97
77006,3,2,2,22041,47.5,UG,2,15548,30.22,False,6493,17.28
77006,4,1,2,24362,52.5,RN,1,20994,40.81,False,3368,11.689999999999998
77007,4,1,2,27137,53.0,UG,2,18557,32.85,True,8580,20.15
77007,8,2,2,24063,47.0,RN,1,20179,35.72,True,3884,11.280000000000001
77008,1,1,3,24892,39.28,UG,1,22663,36.29,False,2229,2.990000000000002
77008,2,2,3,21411,33.79,ENS,2,20622,33.03,False,789,0.759999999999998
77008,6,3,3,17066,26.93,RN,3,17465,27.97,False,-399,-1.0399999999999991
77009,3,1,2,27726,53.65,UG,2,16521,29.65,True,11205,24.0
77009,4,2,2,23958,46.35,RN,1,19781,35.5,True,4177,10.850000000000001
77010,1,1,2,32280,69.06,UG,1,22558,43.94,False,9722,25.120000000000005
77010,5,2,2,14462,30.94,RN,2,11625,22.64,False,2837,8.3
78001,1,1,3,27403,46.9,ENS,1,20235,33.55,False,7168,13.350000000000001
78001,6,2,3,16828,28.8,UG,2,17073,28.31,False,-245,0.490000000000002
78001,7,3,3,14195,24.3,RN,3,11686,19.37,False,2509,4.93
78002,2,1,2,43607,72.69,ENS,1,22500,35.01,False,21107,37.68
78002,6,2,2,16383,27.31,RN,3,14013,21.81,True,2370,5.5
78003,1,1,2,38824,68.75,ENS,1,20768,34.49,False,18056,34.26
78003,7,2,2,17648,31.25,UXD,2,13725,22.79,False,3923,8.46
78004,1,1,3,28306,50.67,ENS,1,23932,41.24,False,4374,9.43
78004,2,3,3,12486,22.35,UXD,3,11599,19.99,False,887,2.360000000000003
78004,6,2,3,15066,26.97,UG,2,15787,27.21,False,-721,-0.240000000000002
78005,2,2,3,14564,28.16,UG,2,14600,27.31,False,-36,0.8500000000000014
78005,4,3,3,11763,22.74,DVD,3,12241,22.9,False,-478,-0.16000000000000014
78005,7,1,3,25400,49.1,ENS,1,22874,42.79,False,2526,6.310000000000002
78006,4,2,3,14837,29.18,UG,2,14247,27.02,False,590,2.16
78006,6,3,3,11693,22.99,RN,3,10781,20.45,False,912,2.539999999999999
78006,8,1,3,24322,47.83,ENS,1,20212,38.33,False,4110,9.5
78007,2,3,3,15004,27.91,UXD,3,13987,25.79,False,1017,2.120000000000001
78007,4,2,3,17711,32.95,ENS,2,15903,29.32,False,1808,3.6300000000000026
78007,7,1,3,21043,39.14,UG,1,18810,34.68,False,2233,4.460000000000001
78008,2,2,2,15948,36.45,RN,2,14076,30.97,False,1872,5.480000000000004
78008,7,1,2,27801,63.55,UG,1,20416,44.92,False,7385,18.629999999999995
78009,1,2,2,26477,46.03,RN,1,21551,34.49,True,4926,11.54
78009,8,1,2,31042,53.97,UG,2,18520,29.64,True,12522,24.33
78010,2,1,3,32048,49.05,ENS,1,22367,33.59,False,9681,15.459999999999994
78010,6,3,3,12255,18.76,UG,3,14918,22.4,False,-2663,-3.639999999999997
78010,7,2,3,21035,32.19,RN,2,18795,28.22,False,2240,3.969999999999999
78011,2,2,2,22035,49.84,UG,1,20395,43.38,True,1640,6.460000000000001
78011,6,1,2,22175,50.16,UDI,2,13752,29.25,True,8423,20.909999999999997
78012,4,2,3,15375,30.86,UG,2,15333,30.32,False,42,0.5399999999999991
78012,6,3,3,11993,24.07,RN,3,12585,24.88,False,-592,-0.8099999999999987
78012,7,1,3,22452,45.07,ENS,1,20610,40.75,False,1842,4.32
91001,3,2,3,11256,26.92,DIV,2,11506,27.74,False,-250,-0.8199999999999967
91001,4,1,3,21311,50.97,UG,1,19109,46.07,False,2202,4.899999999999999
91001,7,3,3,9244,22.11,RN,3,9264,22.34,False,-20,-0.23000000000000043
91002,1,2,2,26193,47.54,UG,2,16207,26.54,False,9986,21.0
91002,6,1,2,28898,52.46,RN,1,24608,40.3,False,4290,12.160000000000004
91003,5,2,2,26996,43.29,RN,1,22290,33.01,True,4706,10.280000000000001
91003,7,1,2,35365,56.71,UG,2,20874,30.91,True,14491,25.8
91004,3,1,2,42392,64.56,ENS,1,23108,33.91,False,19284,30.650000000000006
91004,6,2,2,23266,35.44,UXD,2,21144,31.03,False,2122,4.409999999999997
91005,2,2,2,21683,48.26,UG,1,19107,37.93,True,2576,10.329999999999998
91005,8,1,2,23248,51.74,ENS,2,16362,32.48,True,6886,19.260000000000005
91006,1,1,2,38991,74.26,UG,1,19280,34.44,False,19711,39.82000000000001
91006,6,2,2,13515,25.74,RN,3,11650,20.81,True,1865,4.93
91007,3,3,3,10532,22.46,RN,3,11676,25.07,False,-1144,-2.6099999999999994
91007,5,2,3,15581,33.23,ENS,2,14000,30.07,False,1581,3.1599999999999966
91007,6,1,3,20780,44.31,UG,1,19012,40.83,False,1768,3.480000000000004
91008,2,3,3,10960,22.0,DVD,3,13532,27.38,False,-2572,-5.379999999999999
91008,4,2,3,18672,37.48,DSV,2,16288,32.96,False,2384,4.519999999999996
91008,5,1,3,20185,40.52,UG,1,16986,34.37,False,3199,6.150000000000006
91009,2,2,2,18057,38.0,RN,2,15449,30.12,False,2608,7.879999999999999
91009,5,1,2,29461,62.0,UG,1,19288,37.6,False,10173,24.4
91010,2,1,2,22556,65.16,UG,1,16242,43.01,False,6314,22.15
91010,10,2,2,12061,34.84,RN,2,9784,25.91,False,2277,8.930000000000003
92002,2,2,2,22264,45.16,UG,2,20683,39.53,False,1581,5.6299999999999955
92002,8,1,2,27036,54.84,LR,1,21760,41.59,False,5276,13.25
92004,3,1,2,28034,57.99,UG,1,26373,49.13,False,1661,8.86
92004,9,2,2,20309,42.01,ENS,2,15899,29.62,False,4410,12.389999999999997
92005,1,2,2,21676,43.95,UG,1,19939,36.54,True,1737,7.410000000000004
92005,4,1,2,27642,56.05,ENS,2,17255,31.62,True,10387,24.429999999999996
92006,1,2,3,17802,34.9,LR,2,11217,19.9,False,6585,15.0
92006,2,1,3,22960,45.02,ENS,1,22627,40.14,False,333,4.880000000000003
92006,7,3,3,10241,20.08,UG,3,10857,19.26,False,-616,0.8199999999999967
92008,2,1,2,27453,62.44,ENS,1,20274,39.91,False,7179,22.53
92008,5,2,2,16516,37.56,UG,2,15392,30.3,False,1124,7.260000000000002
92009,4,1,2,27978,72.63,ENS,1,21593,46.07,False,6385,26.559999999999995
92009,6,2,2,10543,27.37,UG,2,10024,21.39,False,519,5.98
92010,7,1,2,29924,58.23,ENS,1,25675,43.85,False,4249,14.379999999999995
92010,8,2,2,21466,41.77,UG,2,20806,35.53,False,660,6.240000000000002
92012,6,1,2,34455,54.31,LR,1,26790,39.43,False,7665,14.880000000000003
92012,7,2,2,28985,45.69,UG,2,26034,38.32,False,2951,7.369999999999997
92013,2,2,2,26044,43.88,UG,2,24798,37.77,False,1246,6.109999999999999
92013,4,1,2,33310,56.12,ENS,1,25721,39.18,False,7589,16.939999999999998
93003,2,1,2,30688,69.71,UG,1,20648,41.68,False,10040,28.029999999999994
93003,10,2,2,13335,30.29,RN,2,10539,21.28,False,2796,9.009999999999998
93004,2,1,2,19486,69.98,UG,1,15760,44.52,False,3726,25.46
93004,3,2,2,8361,30.02,FI,2,8462,23.9,False,-101,6.120000000000001
93005,3,2,2,13362,39.45,UDI,2,9006,24.56,False,4356,14.890000000000004
93005,5,1,2,20511,60.55,UG,1,12141,33.1,False,8370,27.449999999999996
93007,2,1,2,25033,57.16,DVG,1,21802,40.19,False,3231,16.97
93007,10,2,2,18759,42.84,UG,2,19740,36.39,False,-981,6.450000000000003
93008,6,2,2,11301,31.59,RN,2,9291,23.86,False,2010,7.73
93008,8,1,2,24476,68.41,UG,1,19193,49.3,False,5283,19.11
93012,4,1,2,22974,64.59,UG,1,17566,45.11,False,5408,19.480000000000004
93012,5,2,2,12596,35.41,RN,2,10140,26.04,False,2456,9.369999999999997
94001,2,2,3,21897,36.63,UG,1,19974,33.03,True,1923,3.6000000000000014
94001,3,1,3,29142,48.75,DVD,2,16916,27.97,True,12226,20.78
94001,7,3,3,8738,14.62,RN,4,11100,18.36,True,-2362,-3.74
94003,5,2,3,13810,30.15,UXD,2,12491,27.31,False,1319,2.84
94003,7,3,3,10507,22.94,ENS,3,10871,23.77,False,-364,-0.8299999999999983
94003,8,1,3,21492,46.92,UG,1,19290,42.17,False,2202,4.75
94004,3,3,3,13789,27.37,RN,3,13474,26.95,False,315,0.4200000000000017
94004,5,2,3,18140,36.0,UG,1,16505,33.02,True,1635,2.979999999999997
94004,10,1,3,18454,36.63,ENS,2,15287,30.58,True,3167,6.050000000000004
94005,2,2,3,23845,39.44,UG,2,22657,37.27,False,1188,2.1699999999999946
94005,5,3,3,10448,17.28,RN,3,12401,20.4,False,-1953,-3.1199999999999974
94005,6,1,3,26159,43.27,ENS,1,23416,38.52,False,2743,4.75
94006,1,2,2,26049,47.46,UG,1,24417,40.63,True,1632,6.829999999999998
94006,5,1,2,28834,52.54,ENS,2,22464,37.38,True,6370,15.159999999999997
94007,2,2,2,20088,49.33,UG,1,18736,43.65,True,1352,5.68
94007,6,1,2,20633,50.67,LR,2,14869,34.64,True,5764,16.03
94008,1,2,2,21743,41.56,UG,2,20658,36.88,False,1085,4.68
94008,2,1,2,30568,58.44,LR,1,24722,44.13,False,5846,14.309999999999995
95001,2,2,3,20534,36.63,UG,2,17230,30.8,False,3304,5.830000000000002
95001,6,1,3,21025,37.51,RN,1,18823,33.65,False,2202,3.8599999999999994
95001,8,3,3,14494,25.86,ENS,3,14244,25.46,False,250,0.3999999999999986
95002,2,2,2,19281,40.49,RN,2,15544,30.21,False,3737,10.280000000000001
95002,6,1,2,28342,59.51,UG,1,17221,33.47,False,11121,26.04
95003,2,2,2,21860,37.46,RN,2,17608,27.59,False,4252,9.870000000000001
95003,4,1,2,36489,62.54,UG,1,22742,35.63,False,13747,26.909999999999997
95004,2,2,2,20008,44.61,UG,1,17498,34.65,True,2510,9.96
95004,6,1,2,24840,55.39,ENS,2,14084,27.89,True,10756,27.5
95006,1,2,3,16149,33.05,ENS,2,12745,25.78,False,3404,7.269999999999996
95006,4,1,3,21326,43.64,UG,1,18603,37.63,False,2723,6.009999999999998
95006,9,3,3,11389,23.31,RN,3,10911,22.07,False,478,1.2399999999999984
95007,4,1,2,24713,60.57,UG,1,16797,37.94,False,7916,22.630000000000003
95007,10,2,2,16088,39.43,RN,2,12065,27.25,False,4023,12.18
95009,7,2,2,15764,39.73,RN,2,12872,30.56,False,2892,9.169999999999998
95009,9,1,2,23918,60.27,UG,1,17157,40.73,False,6761,19.540000000000006
95010,4,1,2,26852,69.62,UG,1,18306,43.13,False,8546,26.490000000000002
95010,6,2,2,11716,30.38,RN,2,9667,22.78,False,2049,7.599999999999998
18001,1,1,2,25595,56.82,ENS,2,14961,33.01,True,10634,23.810000000000002
18001,4,2,2,19452,43.18,RN,1,18100,39.94,True,1352,3.240000000000002
18002,3,2,2,20220,49.37,RN,1,17246,40.56,True,2974,8.809999999999995
18002,6,1,2,20740,50.63,UG,2,12621,29.68,True,8119,20.950000000000003
18003,1,2,2,25578,47.21,RN,1,23501,43.15,True,2077,4.060000000000002
18003,6,1,2,28602,52.79,ENS,2,16991,31.2,True,11611,21.59
28001,1,1,2,35842,60.59,ENS,2,20105,32.89,True,15737,27.700000000000003
28001,3,2,2,23315,39.41,RN,1,20576,33.66,True,2739,5.75
28002,3,1,2,26422,57.25,LR,2,12109,25.92,True,14313,31.33
28002,4,2,2,19727,42.75,RN,1,17908,38.33,True,1819,4.420000000000002
28003,1,2,2,21478,47.42,RN,1,19178,42.41,True,2300,5.010000000000005
28003,3,1,2,23815,52.58,DVC,2,16439,36.35,True,7376,16.229999999999997
28004,1,1,2,22542,51.74,ENS,2,17236,39.44,True,5306,12.300000000000004
28004,4,2,2,21025,48.26,UXD,1,18854,43.15,True,2171,5.109999999999999
36001,4,1,2,27060,55.51,HOR,2,17256,35.12,True,9804,20.39
36001,5,2,2,21689,44.49,RN,1,19755,40.2,True,1934,4.289999999999999
36002,4,1,2,30423,52.76,LR,2,18700,31.82,True,11723,20.939999999999998
36002,5,2,2,27242,47.24,UXD,1,24512,41.71,True,2730,5.530000000000001
37001,4,2,2,17169,42.09,ENS,2,11333,24.17,False,5836,17.92
37001,6,1,2,23624,57.91,UG,1,21250,45.32,False,2374,12.589999999999996
37002,1,1,2,37343,59.99,ENS,2,20801,32.58,True,16542,27.410000000000004
37002,3,2,2,24906,40.01,RN,1,22396,35.08,True,2510,4.93
37003,2,1,2,41028,62.24,ENS,1,22174,32.87,False,18854,29.370000000000005
37003,5,2,2,24896,37.76,UXD,2,21724,32.21,False,3172,5.549999999999997
37004,4,1,2,33179,57.41,UG,2,18374,29.73,True,14805,27.679999999999996
37004,5,2,2,24615,42.59,RN,1,20328,32.89,True,4287,9.700000000000003
37005,4,2,2,23869,40.73,RN,1,21118,35.25,True,2751,5.479999999999997
37005,6,1,2,34741,59.27,ENS,2,16025,26.75,True,18716,32.52
41001,3,1,2,32334,60.2,ENS,2,18711,34.56,True,13623,25.64
41001,5,2,2,21378,39.8,RN,1,19069,35.22,True,2309,4.579999999999998
41002,4,2,2,24855,47.76,DVD,2,10340,20.07,False,14515,27.689999999999998
41002,7,1,2,27188,52.24,RN,1,25611,49.72,False,1577,2.520000000000003
41003,1,1,2,30055,54.72,ENS,2,20014,36.25,True,10041,18.47
41003,3,2,2,24875,45.28,RN,1,22674,41.06,True,2201,4.219999999999999
45001,1,2,2,16667,32.32,RN,3,14880,28.03,True,1787,4.289999999999999
45001,6,1,2,34909,67.68,ENS,1,16775,31.6,False,18134,36.080000000000005
45002,5,1,2,29934,56.15,UG,2,16148,28.03,True,13786,28.119999999999997
45002,7,2,2,23375,43.85,RN,1,18957,32.91,True,4418,10.940000000000005
45003,1,1,2,23863,51.11,DVD,2,15041,32.04,True,8822,19.07
45003,3,2,2,22827,48.89,RN,1,21373,45.53,True,1454,3.3599999999999994
45004,3,2,2,16104,37.41,UG,2,9889,21.14,False,6215,16.269999999999996
45004,7,1,2,26947,62.59,RN,1,23231,49.65,False,3716,12.940000000000005
45005,1,2,2,23335,49.3,RN,1,20893,43.37,True,2442,5.93
45005,5,1,2,23999,50.7,ENS,2,10604,22.01,True,13395,28.69
45006,1,1,2,31737,63.31,ENS,2,15635,30.6,True,16102,32.71
45006,2,2,2,18392,36.69,RN,1,16253,31.81,True,2139,4.879999999999999
21001,1,1,3,18716,37.15,UG,1,14679,29.16,False,4037,7.989999999999998
21001,4,2,3,17314,34.36,ENS,2,13830,27.48,False,3484,6.879999999999999
21001,5,3,3,14356,28.49,RN,3,12969,25.77,False,1387,2.719999999999999
21002,1,2,2,21184,46.37,RN,1,17181,34.64,True,4003,11.729999999999997
21002,2,1,2,24498,53.63,UG,2,13723,27.67,True,10775,25.96
21003,4,1,2,24555,53.15,UG,2,14533,29.59,True,10022,23.56
21003,5,2,2,21646,46.85,UXD,1,17406,35.44,True,4240,11.410000000000004
21004,1,1,2,25179,53.96,LR,2,16531,35.19,True,8648,18.770000000000003
21004,2,2,2,21481,46.04,RN,1,19838,42.24,True,1643,3.799999999999997
21005,1,2,2,28634,49.96,ENS,2,18130,30.98,False,10504,18.98
21005,6,1,2,28676,50.04,RN,1,26518,45.31,False,2158,4.729999999999997
25001,3,2,3,17261,32.31,RN,3,16264,31.2,True,997,1.110000000000003
25001,6,3,3,16830,31.51,UG,2,16555,31.76,True,275,-0.25
25001,7,1,3,19324,36.18,ENS,1,17475,33.52,False,1849,2.6599999999999966
25002,1,1,2,31053,59.95,UG,1,19160,34.16,False,11893,25.790000000000006
25002,3,2,2,20749,40.05,RN,2,16895,30.12,False,3854,9.929999999999996
25003,1,1,2,21543,50.76,UXD,1,18795,44.35,False,2748,6.409999999999997
25003,4,2,2,20901,49.24,ENS,2,12806,30.22,False,8095,19.020000000000003
25004,2,1,2,22274,54.85,RN,1,19891,47.63,False,2383,7.219999999999999
25004,3,2,2,18333,45.15,UG,2,11804,28.26,False,6529,16.889999999999997
25005,3,1,2,35576,62.69,LR,1,20356,35.2,False,15220,27.489999999999995
25005,6,2,2,21173,37.31,RN,2,19505,33.73,False,1668,3.5800000000000054
39001,1,2,2,19049,43.15,RN,1,17517,39.03,True,1532,4.119999999999997
39001,4,1,2,25097,56.85,ENS,2,16231,36.16,True,8866,20.690000000000005
39002,5,2,2,12568,34.98,RN,2,12315,32.76,False,253,2.219999999999999
39002,6,1,2,23359,65.02,LR,1,14507,38.59,False,8852,26.429999999999993
39003,3,1,2,26822,56.19,LR,2,16727,34.34,True,10095,21.849999999999994
39003,4,2,2,20915,43.81,RN,1,19354,39.73,True,1561,4.080000000000005
58001,2,1,2,24627,53.67,ENS,2,13593,29.4,True,11034,24.270000000000003
58001,6,2,2,21256,46.33,RN,1,18870,40.81,True,2386,5.519999999999996
58002,2,2,2,22686,45.18,UG,2,13788,26.32,False,8898,18.86
58002,6,1,2,27522,54.82,RN,1,23480,44.82,False,4042,10.0
70001,3,2,2,27812,46.46,ENS,2,18093,29.99,False,9719,16.470000000000002
70001,4,1,2,32044,53.54,RN,1,29458,48.82,False,2586,4.719999999999999
71001,2,1,2,30145,60.56,ENS,2,15546,30.6,True,14599,29.96
71001,4,2,2,19636,39.44,RN,1,17602,34.65,True,2034,4.789999999999999
71002,2,2,2,21360,41.61,RN,1,19738,37.85,True,1622,3.759999999999998
71002,5,1,2,29977,58.39,LR,2,17511,33.58,True,12466,24.810000000000002
71003,1,2,2,26458,49.94,ENS,2,13606,25.1,False,12852,24.839999999999996
71003,7,1,2,26523,50.06,RN,1,23130,42.67,False,3393,7.390000000000001
71004,3,2,2,24283,45.34,UG,2,16403,29.96,False,7880,15.380000000000003
71004,4,1,2,29272,54.66,UXD,1,24276,44.34,False,4996,10.319999999999993
71005,2,1,3,22657,40.57,RN,1,19807,35.12,False,2850,5.450000000000003
71005,3,3,3,15593,27.92,DVD,4,10746,19.06,True,4847,8.860000000000003
71005,4,2,3,17591,31.5,UG,2,13130,23.28,False,4461,8.219999999999999
89001,5,2,2,22459,48.62,UG,2,12851,25.34,False,9608,23.279999999999998
89001,6,1,2,23736,51.38,RN,1,20486,40.4,False,3250,10.980000000000004
89002,1,1,2,23736,50.42,UXD,1,20997,44.51,False,2739,5.910000000000004
89002,5,2,2,23341,49.58,ENS,2,13837,29.33,False,9504,20.25
90001,2,2,2,14108,44.62,RN,1,12718,39.73,True,1390,4.890000000000001
90001,3,1,2,17512,55.38,LR,2,7679,23.99,True,9833,31.390000000000004
90002,2,2,2,14209,49.41,UG,2,8799,28.02,False,5410,21.389999999999997
90002,6,1,2,14546,50.59,RN,1,11888,37.86,False,2658,12.730000000000004
14001,1,2,2,19229,40.13,UG,2,18250,34.82,False,979,5.310000000000002
14001,4,1,2,28691,59.87,DVD,1,22596,43.11,False,6095,16.759999999999998
14002,3,1,2,29761,68.28,UG,1,19662,42.34,False,10099,25.939999999999998
14002,4,2,2,13823,31.72,RN,2,11999,25.84,False,1824,5.879999999999999
14003,4,1,2,28545,54.78,ENS,2,19144,36.46,True,9401,18.32
14003,7,2,2,23562,45.22,RN,1,21575,41.09,True,1987,4.1299999999999955
14004,5,2,2,28610,40.58,RN,1,24230,33.65,True,4380,6.93
14004,7,1,2,41893,59.42,ENS,2,23622,32.8,True,18271,26.620000000000005
14005,3,1,2,39408,61.68,ENS,2,16208,24.59,True,23200,37.09
14005,7,2,2,24486,38.32,RN,1,21001,31.86,True,3485,6.460000000000001
14006,1,2,2,27851,43.64,RN,1,24077,36.26,True,3774,7.380000000000003
14006,6,1,2,35962,56.36,ENS,2,19213,28.93,True,16749,27.43
27001,4,1,2,27889,50.83,RN,1,25853,46.54,False,2036,4.289999999999999
27001,5,2,2,26983,49.17,ENS,2,15837,28.51,False,11146,20.66
27002,2,2,2,22573,45.63,UG,2,11184,21.25,False,11389,24.380000000000003
27002,3,1,2,26895,54.37,RN,1,22951,43.6,False,3944,10.769999999999996
27003,2,1,2,31416,56.8,RN,1,28011,48.88,False,3405,7.919999999999995
27003,5,2,2,23892,43.2,ENS,2,12238,21.35,False,11654,21.85
27004,2,1,2,31914,52.83,UG,2,21144,34.27,True,10770,18.559999999999995
27004,4,2,2,28495,47.17,RN,1,25688,41.64,True,2807,5.530000000000001
27005,4,1,2,29337,51.13,RN,1,26601,45.26,False,2736,5.8700000000000045
27005,7,2,2,28035,48.87,ENS,2,14332,24.39,False,13703,24.479999999999997
50001,4,1,2,36531,63.45,DVD,1,22513,38.3,False,14018,25.150000000000006
50001,5,2,2,21046,36.55,RN,2,19333,32.89,False,1713,3.6599999999999966
50002,2,1,2,40472,62.9,ENS,1,26555,39.91,False,13917,22.990000000000002
50002,5,2,2,23870,37.1,RN,2,21186,31.84,False,2684,5.260000000000002
50003,2,2,2,30844,41.33,UXD,1,25725,33.89,True,5119,7.439999999999998
50003,7,1,2,43785,58.67,ENS,2,25232,33.24,True,18553,25.43
50004,3,2,2,22166,40.36,UXD,2,17481,30.01,False,4685,10.349999999999998
50004,6,1,2,32748,59.64,UG,1,19940,34.23,False,12808,25.410000000000004
61001,5,1,2,22804,53.89,UG,2,12264,27.33,True,10540,26.560000000000002
61001,7,2,2,19511,46.11,RN,1,15783,35.18,True,3728,10.93
61002,3,1,2,23433,54.43,DVD,2,14411,32.95,True,9022,21.479999999999997
61002,6,2,2,19621,45.57,RN,1,17502,40.01,True,2119,5.560000000000002
61003,3,2,2,16226,35.27,RN,2,15364,32.41,False,862,2.8600000000000065
61003,4,1,2,29782,64.73,DVD,1,20701,43.67,False,9081,21.060000000000002
76001,6,1,3,22790,51.23,UG,1,20040,44.44,False,2750,6.789999999999999
76001,7,3,3,9009,20.25,RN,3,8567,19.0,False,442,1.25
76001,8,2,3,12690,28.52,ENS,2,12456,27.62,False,234,0.8999999999999986
76002,5,1,2,39754,59.92,ENS,2,18996,27.73,True,20758,32.19
76002,7,2,2,26594,40.08,RN,1,23135,33.77,True,3459,6.309999999999995
76003,3,2,2,13533,33.12,RN,2,12194,28.24,False,1339,4.879999999999999
76003,5,1,2,27329,66.88,UG,1,21000,48.64,False,6329,18.239999999999995
76004,1,2,2,23693,47.49,RN,1,20748,39.08,True,2945,8.410000000000004
76004,3,1,2,26194,52.51,UG,2,17335,32.65,True,8859,19.86
76005,1,1,2,31994,51.68,UG,2,21281,33.36,True,10713,18.32
76005,2,2,2,29908,48.32,RN,1,26406,41.4,True,3502,6.920000000000002
76006,1,2,2,34571,48.79,UG,2,24763,34.5,False,9808,14.29
76006,5,1,2,36281,51.21,RN,1,32235,44.91,False,4046,6.300000000000004
76007,1,1,2,36050,66.18,HOR,1,19734,34.83,False,16316,31.35000000000001
76007,6,2,2,18423,33.82,RN,2,16221,28.63,False,2202,5.190000000000001
76008,4,2,2,13485,36.92,RN,2,11855,31.32,False,1630,5.600000000000001
76008,5,1,2,23040,63.08,UG,1,16205,42.81,False,6835,20.269999999999996
76009,1,2,2,31122,49.66,RN,1,28528,44.58,True,2594,5.079999999999998
76009,4,1,2,31548,50.34,HOR,2,20528,32.08,True,11020,18.260000000000005
76010,4,1,2,38606,51.67,RN,1,34431,45.29,False,4175,6.380000000000003
76010,5,2,2,36115,48.33,HOR,2,19420,25.55,False,16695,22.779999999999998
02002,1,1,2,22933,50.58,LR,2,16288,35.66,True,6645,14.920000000000002
02002,5,2,2,22409,49.42,RN,1,21496,47.06,True,913,2.3599999999999994
59001,4,2,2,8802,24.51,RN,2,7298,18.12,False,1504,6.390000000000001
59001,14,1,2,27116,75.49,UG,1,17800,44.2,False,9316,31.289999999999992
59002,1,1,3,29571,53.2,UG,1,26491,47.31,False,3080,5.890000000000001
59002,5,2,3,13072,23.52,RN,2,12256,21.89,False,816,1.629999999999999
59002,6,3,3,12937,23.28,ENS,3,11630,20.77,False,1307,2.5100000000000016
59004,3,1,3,27461,40.17,ENS,1,21494,31.32,False,5967,8.850000000000001
59004,6,3,3,19502,28.53,RN,3,17832,25.98,False,1670,2.5500000000000007
59004,7,2,3,21395,31.3,UG,2,20301,29.58,False,1094,1.7200000000000024
59005,3,2,2,28626,43.35,RN,1,27411,40.08,True,1215,3.270000000000003
59005,5,1,2,37411,56.65,DVD,2,23510,34.37,True,13901,22.28
59006,3,1,2,39467,60.31,ENS,1,25831,38.09,False,13636,22.22
59006,4,2,2,25978,39.69,UXD,2,23781,35.07,False,2197,4.619999999999997
59007,1,1,3,18612,39.53,HOR,1,17168,36.71,False,1444,2.8200000000000003
59007,2,3,3,13408,28.47,RN,3,13163,28.15,False,245,0.3200000000000003
59007,5,2,3,15067,32.0,UG,2,15053,32.19,False,14,-0.18999999999999773
59008,1,2,2,12250,35.68,RN,2,11051,30.8,False,1199,4.879999999999999
59008,2,1,2,22080,64.32,UG,1,17405,48.5,False,4675,15.819999999999993
59009,2,3,3,13616,22.68,RN,3,12533,20.67,False,1083,2.009999999999998
59009,3,1,3,27081,45.1,ENS,1,20620,34.01,False,6461,11.090000000000003
59009,7,2,3,19351,32.23,UG,2,18869,31.12,False,482,1.1099999999999959
59010,1,2,2,18001,38.63,RN,2,16675,34.31,False,1326,4.32
59010,5,1,2,28603,61.37,ENS,1,17512,36.03,False,11091,25.339999999999996
59011,3,2,2,21347,38.75,RN,2,18650,31.47,False,2697,7.280000000000001
59011,4,1,2,33740,61.25,UG,1,22809,38.49,False,10931,22.759999999999998
59013,1,1,2,26769,53.76,DIV,2,16026,32.2,True,10743,21.559999999999995
59013,3,2,2,23021,46.24,RN,1,21662,43.52,True,1359,2.719999999999999
59014,3,2,2,32114,49.85,UXD,1,30194,46.37,True,1920,3.480000000000004
59014,5,1,2,32303,50.15,DVD,2,23928,36.74,True,8375,13.409999999999997
59015,1,2,2,31970,49.8,RN,1,29894,45.97,True,2076,3.8299999999999983
59015,3,1,2,32228,50.2,DVD,2,22206,34.15,True,10022,16.050000000000004
59017,1,1,2,23873,55.8,RN,1,21803,47.92,False,2070,7.8799999999999955
59017,3,2,2,18913,44.2,UG,2,13575,29.84,False,5338,14.360000000000003
59021,4,2,2,22974,48.41,RN,1,21337,43.61,True,1637,4.799999999999997
59021,6,1,2,24485,51.59,UDI,2,14280,29.19,True,10205,22.400000000000002
60001,4,2,2,25070,48.31,LR,2,13049,24.48,False,12021,23.830000000000002
60001,7,1,2,26824,51.69,RN,1,24621,46.19,False,2203,5.5
60003,1,1,2,21940,51.96,RN,1,19487,43.1,False,2453,8.86
60003,2,2,2,20281,48.04,UG,2,14149,31.29,False,6132,16.75
60004,2,1,2,32174,53.45,ENS,2,18646,29.89,True,13528,23.560000000000002
60004,7,2,2,28026,46.55,RN,1,25093,40.23,True,2933,6.32
60005,3,2,2,19575,44.24,UG,2,10491,22.03,False,9084,22.21
60005,6,1,2,24669,55.76,RN,1,20070,42.15,False,4599,13.61
60006,1,1,2,25058,52.44,RN,1,23402,47.88,False,1656,4.559999999999995
60006,5,2,2,22725,47.56,UDI,2,11207,22.93,False,11518,24.630000000000003
60007,2,1,3,21662,43.85,RN,1,19769,40.43,False,1893,3.4200000000000017
60007,6,3,3,10734,21.73,LR,3,10519,21.52,False,215,0.21000000000000085
60007,7,2,3,16999,34.41,UG,2,13289,27.18,False,3710,7.229999999999997
62002,3,1,2,31642,55.84,ENS,2,12838,21.54,True,18804,34.300000000000004
62002,4,2,2,25028,44.16,RN,1,22239,37.31,True,2789,6.849999999999994
62004,1,2,2,29228,49.15,RN,1,25286,42.34,True,3942,6.809999999999995
62004,8,1,2,30237,50.85,ENS,2,18309,30.66,True,11928,20.19
62005,2,1,2,27176,50.45,RN,1,23974,43.15,False,3202,7.300000000000004
62005,5,2,2,26687,49.55,UG,2,16095,28.97,False,10592,20.58
62007,1,2,2,27177,48.14,LR,2,19036,33.75,False,8141,14.39
62007,3,1,2,29282,51.86,RN,1,26995,47.86,False,2287,4.0
62008,1,1,2,29775,52.27,RN,1,27164,46.45,False,2611,5.82
62008,3,2,2,27186,47.73,UG,2,18697,31.97,False,8489,15.759999999999998
62009,1,2,2,22674,45.36,ENS,2,10394,19.78,False,12280,25.58
62009,4,1,2,27318,54.64,RN,1,25674,48.85,False,1644,5.789999999999999
80001,2,2,2,24083,47.05,RN,1,21413,40.69,True,2670,6.359999999999999
80001,5,1,2,27108,52.95,UG,2,17850,33.92,True,9258,19.03
80002,3,3,3,16145,31.15,RN,2,14142,27.46,True,2003,3.6899999999999977
80002,6,2,3,17153,33.09,ENS,3,12997,25.23,True,4156,7.860000000000003
80002,7,1,3,18538,35.76,UG,1,15217,29.54,False,3321,6.219999999999999
80003,4,2,2,25383,45.93,LR,2,15449,27.7,False,9934,18.23
80003,7,1,2,29876,54.07,RN,1,27277,48.9,False,2599,5.170000000000002
80004,2,2,2,23276,42.52,ENS,2,10631,18.47,False,12645,24.050000000000004
80004,5,1,2,31468,57.48,RN,1,28559,49.62,False,2909,7.859999999999999
08001,3,1,2,24184,52.99,RN,1,17817,38.33,False,6367,14.660000000000004
08001,8,2,2,21458,47.01,ENS,2,12157,26.16,False,9301,20.849999999999998
08002,3,2,2,16280,44.37,RN,1,15097,40.83,True,1183,3.539999999999999
08002,6,1,2,20415,55.63,DVD,2,11147,30.15,True,9268,25.480000000000004
08003,2,1,2,19506,54.44,DVD,1,15362,43.56,False,4144,10.879999999999995
08003,3,2,2,16321,45.56,RN,2,15296,43.38,False,1025,2.1799999999999997
10002,3,1,2,25420,52.17,LR,2,13902,27.93,True,11518,24.240000000000002
10002,5,2,2,23306,47.83,RN,1,22316,44.83,True,990,3.0
10003,1,2,2,18624,47.48,UG,2,10178,24.39,False,8446,23.089999999999996
10003,3,1,2,20600,52.52,RN,1,18084,43.33,False,2516,9.190000000000005
51001,1,1,2,27419,60.15,ENS,2,16058,33.84,True,11361,26.309999999999995
51001,2,2,2,18165,39.85,UXD,1,17697,37.3,True,468,2.5500000000000043
51002,5,2,2,19859,41.92,RN,1,17645,36.34,True,2214,5.579999999999998
51002,7,1,2,27511,58.08,ENS,2,14756,30.39,True,12755,27.689999999999998
51003,5,1,2,25259,50.88,UXD,1,21890,43.84,False,3369,7.039999999999999
51003,6,2,2,24384,49.12,ENS,2,15942,31.92,False,8442,17.199999999999996
51004,5,1,2,25550,52.22,ENS,2,15245,30.98,True,10305,21.24
51004,6,2,2,23378,47.78,RN,1,21045,42.77,True,2333,5.009999999999998
51005,2,2,2,25947,49.57,RN,1,23954,46.99,True,1993,2.5799999999999983
51005,4,1,2,26393,50.43,DVC,2,21751,42.66,True,4642,7.770000000000003
52001,4,1,2,23772,53.9,RN,1,21815,48.83,False,1957,5.07
52001,5,2,2,20335,46.1,ENS,2,12529,28.05,False,7806,18.05
54001,1,1,2,32531,63.96,UG,1,20645,37.73,False,11886,26.230000000000004
54001,4,2,2,18334,36.04,RN,2,14719,26.9,False,3615,9.14
54002,1,3,3,10709,23.49,RN,3,10131,22.45,False,578,1.0399999999999991
54002,3,2,3,14284,31.34,ENS,2,13869,30.74,False,415,0.6000000000000014
54002,5,1,3,20588,45.17,UG,1,18008,39.91,False,2580,5.260000000000005
54003,2,1,2,23252,53.63,RN,1,19938,43.46,False,3314,10.170000000000002
54003,4,2,2,20104,46.37,UG,2,13068,28.49,False,7036,17.88
54004,4,2,2,30213,47.7,RN,1,27618,43.7,True,2595,4.0
54004,5,1,2,33130,52.3,LR,2,20984,33.21,True,12146,19.089999999999996
54005,1,2,2,23216,45.27,EXD,2,15704,30.45,False,7512,14.820000000000004
54005,2,1,2,28073,54.73,UG,1,22415,43.47,False,5658,11.259999999999998
54006,5,1,2,28024,54.64,RN,1,24121,44.53,False,3903,10.11
54006,7,2,2,23264,45.36,UG,2,14479,26.73,False,8785,18.63
55001,2,2,2,24910,49.5,DVD,2,16901,34.22,False,8009,15.280000000000001
55001,6,1,2,25417,50.5,RN,1,23680,47.95,False,1737,2.549999999999997
57001,2,1,2,31517,55.7,ENS,2,15640,27.59,True,15877,28.110000000000003
57001,3,2,2,25070,44.3,RN,1,22570,39.81,True,2500,4.489999999999995
57002,1,2,2,20480,42.35,RN,1,18352,37.48,True,2128,4.8700000000000045
57002,3,1,2,27875,57.65,ENS,2,14795,30.22,True,13080,27.43
57003,1,2,2,18347,38.22,RN,1,16948,35.32,True,1399,2.8999999999999986
57003,4,1,2,29657,61.78,UDI,2,16631,34.66,True,13026,27.120000000000005
57004,6,1,2,29287,54.83,LR,2,18659,35.75,True,10628,19.08
57004,7,2,2,24127,45.17,RN,1,22265,42.66,True,1862,2.510000000000005
57005,4,1,2,23584,52.64,RN,1,20884,47.52,False,2700,5.119999999999997
57005,6,2,2,21219,47.36,LR,2,15045,34.23,False,6174,13.130000000000003
57008,3,1,2,26435,54.41,RN,1,23558,46.36,False,2877,8.049999999999997
57008,4,2,2,22147,45.59,UG,2,14724,28.98,False,7423,16.610000000000003
57009,1,2,2,26700,41.87,RN,1,24483,38.29,True,2217,3.5799999999999983
57009,4,1,2,37070,58.13,ENS,2,22460,35.12,True,14610,23.010000000000005
67001,11,2,2,16399,41.19,ENS,2,10513,24.26,False,5886,16.929999999999996
67001,15,1,2,23414,58.81,UG,1,20631,47.6,False,2783,11.21
67002,1,3,3,11326,22.94,RN,3,10407,21.22,False,919,1.7200000000000024
67002,3,1,3,24089,48.79,UG,1,21533,43.91,False,2556,4.880000000000003
67002,10,2,3,13962,28.28,ENS,2,11063,22.56,False,2899,5.720000000000002
67003,6,2,3,15115,32.46,ENS,2,13260,28.99,False,1855,3.4700000000000024
67003,8,1,3,20150,43.27,UG,1,17355,37.94,False,2795,5.330000000000005
67003,9,3,3,11302,24.27,RN,3,10567,23.1,False,735,1.1699999999999982
67004,2,2,2,26130,38.56,RN,1,22625,33.11,True,3505,5.450000000000003
67004,7,1,2,41629,61.44,ENS,2,22107,32.36,True,19522,29.08
67005,2,1,2,39124,55.18,ENS,2,22993,32.31,True,16131,22.869999999999997
67005,5,2,2,31778,44.82,RN,1,27897,39.2,True,3881,5.619999999999997
67006,1,1,2,35890,55.02,ENS,2,18228,27.76,True,17662,27.26
67006,7,2,2,29338,44.98,RN,1,25275,38.5,True,4063,6.479999999999997
67007,1,1,2,30986,54.8,LR,2,17974,32.31,True,13012,22.489999999999995
67007,6,2,2,25558,45.2,RN,1,23071,41.47,True,2487,3.730000000000004
67008,3,1,2,31015,51.44,RN,1,26313,44.16,False,4702,7.280000000000001
67008,4,2,2,29284,48.56,ENS,2,14006,23.51,False,15278,25.05
67009,2,1,2,34046,54.06,ENS,2,18206,29.24,True,15840,24.820000000000004
67009,4,2,2,28930,45.94,RN,1,25199,40.47,True,3731,5.469999999999999
68001,6,1,2,28399,58.24,ENS,2,14945,30.4,True,13454,27.840000000000003
68001,7,2,2,20361,41.76,RN,1,16833,34.24,True,3528,7.519999999999996
68002,2,1,2,34908,57.82,ENS,2,19785,32.46,True,15123,25.36
68002,5,2,2,25462,42.18,RN,1,22049,36.17,True,3413,6.009999999999998
68003,8,2,2,26883,48.08,RN,1,21791,38.86,True,5092,9.219999999999999
68003,9,1,2,29028,51.92,ENS,2,13980,24.93,True,15048,26.990000000000002
68004,6,1,2,34309,50.68,LR,2,19658,29.15,True,14651,21.53
68004,7,2,2,33392,49.32,RN,1,28234,41.87,True,5158,7.450000000000003
68005,4,2,2,15649,33.0,RN,2,14096,29.56,False,1553,3.4400000000000013
68005,6,1,2,31766,67.0,ENS,1,17749,37.23,False,14017,29.770000000000003
68006,1,1,2,32651,55.25,ENS,2,17660,30.19,True,14991,25.06
68006,6,2,2,26444,44.75,RN,1,23246,39.74,True,3198,5.009999999999998
88001,2,2,2,20567,41.27,RN,2,18886,38.17,False,1681,3.1000000000000014
88001,3,1,2,29263,58.73,DVD,1,21200,42.85,False,8063,15.879999999999995
88002,1,1,2,25048,52.77,RN,1,22788,48.16,False,2260,4.6100000000000065
88002,6,2,2,22422,47.23,ENS,2,14592,30.84,False,7830,16.389999999999997
88003,2,1,2,27341,64.67,DVD,1,20652,48.33,False,6689,16.340000000000003
88003,4,2,2,14934,35.33,RN,2,14287,33.43,False,647,1.8999999999999986
88004,1,2,2,20073,46.82,LR,2,13644,31.91,False,6429,14.91
88004,6,1,2,22797,53.18,RN,1,20529,48.02,False,2268,5.159999999999997
44001,2,3,3,8501,15.72,RN,3,9937,18.13,False,-1436,-2.4099999999999984
44001,3,2,3,20610,38.11,ENS,2,20488,37.39,False,122,0.7199999999999989
44001,5,1,3,24963,46.16,UG,1,23671,43.2,False,1292,2.9599999999999937
44003,4,1,3,32216,50.13,UG,1,29285,44.55,False,2931,5.580000000000005
44003,5,3,3,13946,21.7,RN,3,13425,20.43,False,521,1.2699999999999996
44003,6,2,3,18099,28.16,ENS,2,16147,24.57,False,1952,3.59
44004,5,2,3,16225,25.29,ENS,2,14815,22.66,False,1410,2.629999999999999
44004,6,3,3,13678,21.32,RN,3,13116,20.06,False,562,1.2600000000000016
44004,7,1,3,34265,53.4,UG,1,30619,46.83,False,3646,6.57
44005,1,1,3,36774,39.91,UG,1,34673,37.73,False,2101,2.1799999999999997
44005,3,2,3,34441,37.38,ENS,2,33241,36.17,False,1200,1.2100000000000009
44005,4,3,3,20918,22.7,UXD,3,22722,24.73,False,-1804,-2.030000000000001
44006,2,2,3,27738,34.53,RN,2,25886,32.85,False,1852,1.6799999999999997
44006,3,3,3,20413,25.41,DVD,3,22993,29.18,False,-2580,-3.7699999999999996
44006,5,1,3,32186,40.06,UG,1,26919,34.16,False,5267,5.900000000000006
44007,3,1,2,48531,59.95,ENS,1,23489,28.49,False,25042,31.460000000000004
44007,6,2,2,32425,40.05,UXD,2,23210,28.15,False,9215,11.899999999999999
44008,4,2,2,20454,38.32,RN,2,17065,28.87,False,3389,9.45
44008,6,1,2,32922,61.68,UG,1,18317,30.99,False,14605,30.69
44009,3,1,2,56024,62.86,DVD,1,29952,32.63,False,26072,30.229999999999997
44009,7,2,2,33106,37.14,RN,2,29841,32.51,False,3265,4.630000000000003
44010,1,3,3,25826,28.45,RN,3,23574,26.16,False,2252,2.289999999999999
44010,2,2,3,25973,28.61,UG,2,25055,27.8,False,918,0.8099999999999987
44010,4,1,3,38983,42.94,ENS,1,27555,30.57,False,11428,12.369999999999997
49001,1,1,3,24719,40.54,ENS,1,21087,34.83,False,3632,5.710000000000001
49001,4,2,3,21621,35.46,UG,2,20475,33.82,False,1146,1.6400000000000006
49001,6,3,3,14629,23.99,RN,3,13995,23.12,False,634,0.8699999999999974
49002,4,2,3,18315,27.81,UG,2,18621,28.32,False,-306,-0.5100000000000016
49002,5,1,3,30214,45.89,ENS,1,21761,33.1,False,8453,12.79
49002,6,3,3,17317,26.3,RN,3,15945,24.25,False,1372,2.0500000000000007
49003,2,1,2,26768,57.17,LR,2,11572,23.87,True,15196,33.3
49003,5,2,2,20052,42.83,RN,1,18344,37.84,True,1708,4.989999999999995
49004,5,1,2,30476,60.03,ENS,2,18001,34.87,True,12475,25.160000000000004
49004,7,2,2,20289,39.97,RN,1,18014,34.9,True,2275,5.07
49005,1,2,3,17310,34.21,UXD,2,16066,30.54,False,1244,3.6700000000000017
49005,3,1,3,33204,65.63,ENS,1,17730,33.7,False,15474,31.929999999999993
49005,6,3,3,82,0.16,UG,3,11220,21.33,False,-11138,-21.169999999999998
49006,3,2,2,21954,33.68,RN,2,19422,28.82,False,2532,4.859999999999999
49006,5,1,2,43226,66.32,ENS,1,23776,35.28,False,19450,31.039999999999992
49007,2,2,3,17389,29.83,RN,3,15802,27.38,True,1587,2.4499999999999993
49007,5,1,3,24319,41.73,ENS,1,19541,33.86,False,4778,7.869999999999997
49007,7,3,3,16576,28.44,UG,2,16778,29.07,True,-202,-0.629999999999999
53001,1,1,2,31428,67.56,UG,1,22483,45.39,False,8945,22.17
53001,2,2,2,15089,32.44,RN,2,14161,28.59,False,928,3.849999999999998
53002,3,2,2,18727,36.02,RN,2,16944,31.79,False,1783,4.230000000000004
53002,6,1,2,33257,63.98,ENS,1,18746,35.17,False,14511,28.809999999999995
53003,1,2,2,14161,31.1,RN,2,14884,31.11,False,-723,-0.00999999999999801
53003,3,1,2,31379,68.9,HOR,1,23294,48.68,False,8085,20.220000000000006
72001,1,1,2,29050,60.91,ENS,2,15111,30.84,True,13939,30.069999999999997
72001,5,2,2,18646,39.09,RN,1,16465,33.6,True,2181,5.490000000000002
72002,1,2,2,21349,42.69,UXD,2,18282,35.29,False,3067,7.399999999999999
72002,5,1,2,28660,57.31,UG,1,20700,39.95,False,7960,17.36
72003,2,1,2,28392,51.44,ENS,2,16209,29.17,True,12183,22.269999999999996
72003,4,2,2,26799,48.56,RN,1,23637,42.54,True,3162,6.020000000000003
72004,6,1,2,24136,50.23,UG,2,13600,25.94,True,10536,24.289999999999996
72004,7,2,2,23911,49.77,RN,1,20584,39.26,True,3327,10.510000000000005
72005,2,1,2,32006,57.04,ENS,2,17898,31.28,True,14108,25.759999999999998
72005,5,2,2,24102,42.96,RN,1,21870,38.23,True,2232,4.730000000000004
85001,4,1,2,48477,60.9,ENS,2,23136,28.51,True,25341,32.39
85001,6,2,2,31121,39.1,UXD,1,26105,32.17,True,5016,6.93
85002,3,2,2,30537,39.77,RN,2,28538,36.53,False,1999,3.240000000000002
85002,4,1,2,46240,60.23,ENS,1,30262,38.74,False,15978,21.489999999999995
85003,3,2,2,40530,43.57,UXD,1,33545,35.59,True,6985,7.979999999999997
85003,6,1,2,52496,56.43,ENS,2,32889,34.89,True,19607,21.54
85004,2,3,4,12170,16.99,UG,4,13164,18.42,True,-994,-1.4300000000000033
85004,3,2,4,17613,24.58,RN,2,16345,22.88,False,1268,1.6999999999999993
85004,4,1,4,31068,43.36,DVD,1,28086,39.31,False,2982,4.049999999999997
85004,5,4,4,10796,15.07,ENS,3,13192,18.46,True,-2396,-3.3900000000000006
85005,2,2,2,23721,42.51,RN,1,21309,37.87,True,2412,4.640000000000001
85005,4,1,2,32085,57.49,ENS,2,19606,34.84,True,12479,22.65
22001,1,1,3,27186,41.45,ENS,1,21614,32.96,False,5572,8.490000000000002
22001,2,2,3,20845,31.78,UG,2,19926,30.38,False,919,1.4000000000000021
22001,4,3,3,17560,26.77,RN,3,16888,25.75,False,672,1.0199999999999996
22002,4,2,2,26935,36.37,RN,2,23707,30.96,False,3228,5.409999999999997
22002,5,1,2,47119,63.63,ENS,1,25730,33.61,False,21389,30.020000000000003
22003,1,1,2,41619,67.97,LR,1,20520,31.96,False,21099,36.01
22003,8,2,2,19616,32.03,RN,2,18345,28.57,False,1271,3.460000000000001
22004,1,2,2,23332,45.25,RN,1,19700,34.3,True,3632,10.950000000000003
22004,5,1,2,28234,54.75,UG,2,17826,31.03,True,10408,23.72
22005,1,3,3,22919,29.1,RN,3,22668,29.08,False,251,0.020000000000003126
22005,3,1,3,32463,41.21,ENS,1,29479,37.81,False,2984,3.3999999999999986
22005,4,2,3,23385,29.69,UG,2,23858,30.6,False,-473,-0.9100000000000001
29001,1,1,3,27066,39.7,ENS,1,22422,33.0,False,4644,6.700000000000003
29001,2,2,3,24096,35.34,UG,2,22303,32.83,False,1793,2.510000000000005
29001,4,3,3,17015,24.96,RN,3,16083,23.67,False,932,1.2899999999999991
29002,3,2,3,19239,35.68,DVC,3,9874,18.48,True,9365,17.2
29002,7,1,3,22110,41.01,UG,1,18850,35.28,False,3260,5.729999999999997
29002,8,3,3,12567,23.31,RN,2,12065,22.58,True,502,0.7300000000000004
29003,2,1,2,44449,69.13,ENS,1,26139,38.92,False,18310,30.209999999999994
29003,3,2,2,19848,30.87,RN,2,18627,27.74,False,1221,3.1300000000000026
29004,2,3,3,16492,27.02,RN,3,15690,25.86,False,802,1.1600000000000001
29004,4,2,3,20490,33.57,UG,1,18765,30.92,True,1725,2.6499999999999986
29004,5,1,3,24048,39.4,ENS,2,18586,30.63,True,5462,8.77
29005,3,2,2,21704,31.93,RN,3,18884,26.53,True,2820,5.399999999999999
29005,4,1,2,46270,68.07,ENS,1,21567,30.3,False,24703,37.769999999999996
29006,1,2,2,23847,38.17,RN,2,19671,30.21,False,4176,7.960000000000001
29006,6,1,2,38630,61.83,UG,1,24664,37.88,False,13966,23.949999999999996
29007,1,1,3,23310,37.94,ENS,2,18709,30.66,True,4601,7.279999999999998
29007,2,3,3,17084,27.81,RN,3,15927,26.1,False,1157,1.7099999999999973
29007,7,2,3,21041,34.25,UG,1,18952,31.06,True,2089,3.1900000000000013
29008,4,1,2,40112,64.61,ENS,2,18031,27.76,True,22081,36.849999999999994
29008,5,2,2,21974,35.39,RN,1,20003,30.8,True,1971,4.59
35001,1,1,3,30190,45.66,UG,1,28467,42.31,False,1723,3.3499999999999943
35001,5,2,3,24181,36.57,ENS,2,21453,31.88,False,2728,4.690000000000001
35001,7,3,3,11754,17.78,RN,3,11878,17.65,False,-124,0.13000000000000256
35002,3,2,3,29342,39.42,ENS,2,25792,34.24,False,3550,5.18
35002,4,3,3,12595,16.92,RN,3,13130,17.43,False,-535,-0.509999999999998
35002,5,1,3,32489,43.65,UG,1,30361,40.31,False,2128,3.3399999999999963
35003,1,3,3,19366,28.87,RN,3,18850,28.12,False,516,0.75
35003,2,2,3,20552,30.64,ENS,2,19919,29.71,False,633,0.9299999999999997
35003,4,1,3,27165,40.49,UG,1,24649,36.77,False,2516,3.719999999999999
35004,3,2,2,26671,42.43,RN,1,22275,32.3,True,4396,10.130000000000003
35004,4,1,2,36195,57.57,UG,2,22139,32.1,True,14056,25.47
35005,3,2,2,23957,32.28,RN,2,23298,29.82,False,659,2.460000000000001
35005,4,1,2,50267,67.72,ENS,1,33147,42.42,False,17120,25.299999999999997
35006,3,2,2,20652,33.5,RN,2,19960,30.94,False,692,2.5599999999999987
35006,5,1,2,40987,66.5,ENS,1,26968,41.81,False,14019,24.689999999999998
35007,1,2,2,22339,30.86,RN,2,21184,28.2,False,1155,2.66
35007,2,1,2,50058,69.14,DVD,1,32549,43.33,False,17509,25.810000000000002
56001,3,2,2,22792,28.35,RN,3,21454,25.37,True,1338,2.9800000000000004
56001,7,1,2,57609,71.65,ENS,1,35627,42.13,False,21982,29.520000000000003
56002,3,2,2,27541,34.56,RN,2,24920,30.03,False,2621,4.530000000000001
56002,4,1,2,52138,65.44,ENS,1,26667,32.14,False,25471,33.3
56003,5,1,2,37776,57.56,ENS,2,18222,26.57,True,19554,30.990000000000002
56003,6,2,2,27854,42.44,RN,1,24584,35.85,True,3270,6.589999999999996
56004,4,1,2,51799,65.12,REG,1,28912,35.84,False,22887,29.28
56004,5,2,2,27745,34.88,RN,2,25414,31.51,False,2331,3.370000000000001
56005,1,2,3,19117,34.15,ENS,2,19081,34.6,False,36,-0.45000000000000284
56005,2,1,3,21760,38.88,UG,1,19612,35.56,False,2148,3.3200000000000003
56005,4,3,3,15096,26.97,RN,3,15386,27.9,False,-290,-0.9299999999999997
56006,1,1,2,37983,59.98,ENS,2,21675,33.08,True,16308,26.9
56006,5,2,2,25346,40.02,RN,1,22728,34.69,True,2618,5.330000000000005
16001,1,2,3,18406,32.43,HOR,2,16784,30.3,False,1622,2.129999999999999
16001,4,1,3,20288,35.75,UG,1,18166,32.8,False,2122,2.950000000000003
16001,5,3,3,18061,31.82,RN,3,16761,30.26,False,1300,1.5599999999999987
16002,1,2,2,25653,47.5,UXD,1,21440,38.91,True,4213,8.590000000000003
16002,7,1,2,28350,52.5,ENS,2,15091,27.39,True,13259,25.11
16003,1,2,2,27548,47.78,UG,2,15653,25.88,False,11895,21.900000000000002
16003,4,1,2,30110,52.22,RN,1,25976,42.95,False,4134,9.269999999999996
17001,2,2,2,18396,25.29,RN,3,17278,22.65,True,1118,2.6400000000000006
17001,8,1,2,54353,74.71,DVG,1,34824,45.64,False,19529,29.069999999999993
17002,2,2,2,33155,46.61,RN,1,26862,34.41,True,6293,12.200000000000003
17002,3,1,2,37985,53.39,UG,2,21027,26.94,True,16958,26.45
17003,3,2,2,26378,49.94,RN,1,22759,40.85,True,3619,9.089999999999996
17003,5,1,2,26441,50.06,UG,2,15637,28.07,True,10804,21.990000000000002
17004,1,2,2,30447,49.26,ENS,2,17625,27.95,False,12822,21.31
17004,2,1,2,31356,50.74,RN,1,28510,45.21,False,2846,5.530000000000001
17005,1,2,2,39259,47.89,RN,1,36296,43.83,True,2963,4.060000000000002
17005,2,1,2,42725,52.11,HOR,2,27124,32.75,True,15601,19.36
19001,2,3,3,16821,25.21,LR,3,18816,28.64,False,-1995,-3.4299999999999997
19001,4,1,3,28751,43.1,UG,1,24720,37.63,False,4031,5.469999999999999
19001,5,2,3,21141,31.69,RN,2,20297,30.89,False,844,0.8000000000000007
19002,1,2,2,24960,40.06,RN,1,23250,36.28,True,1710,3.780000000000001
19002,3,1,2,37354,59.94,LR,2,22456,35.04,True,14898,24.9
23001,3,2,3,21757,34.87,DVD,3,13536,22.12,True,8221,12.749999999999996
23001,5,1,3,23513,37.69,UXD,1,20403,33.35,False,3110,4.339999999999996
23001,6,3,3,17121,27.44,UG,2,14359,23.47,True,2762,3.9700000000000024
24001,1,2,2,24089,49.91,UG,2,15540,29.42,False,8549,20.489999999999995
24001,4,1,2,24180,50.09,RN,1,20199,38.24,False,3981,11.850000000000001
24002,4,2,2,26027,47.95,UG,2,16131,28.27,False,9896,19.680000000000003
24002,5,1,2,28256,52.05,RN,1,24374,42.71,False,3882,9.339999999999996
24003,2,2,2,22514,49.92,UG,2,13600,28.58,False,8914,21.340000000000003
24003,3,1,2,22589,50.08,RN,1,19093,40.13,False,3496,9.949999999999996
24004,3,1,2,32750,54.64,UG,2,21801,34.49,True,10949,20.15
24004,7,2,2,27184,45.36,RN,1,22767,36.01,True,4417,9.350000000000001
33001,1,1,3,31768,43.2,ENS,1,28564,38.31,False,3204,4.890000000000001
33001,4,3,3,15336,20.86,RN,3,15654,21.0,False,-318,-0.14000000000000057
33001,5,2,3,26425,35.94,UG,2,25517,34.23,False,908,1.7100000000000009
33002,4,1,2,27920,59.01,UG,1,26547,49.45,False,1373,9.559999999999995
33002,6,2,2,19391,40.99,ENS,2,15610,29.08,False,3781,11.910000000000004
33003,3,2,3,15905,26.33,ENS,2,17080,27.75,False,-1175,-1.4200000000000017
33003,5,3,3,11983,19.84,RN,3,12037,19.56,False,-54,0.28000000000000114
33003,9,1,3,32525,53.84,UG,1,30664,49.83,False,1861,4.010000000000005
33004,3,1,2,37141,61.48,UG,1,27092,42.36,False,10049,19.119999999999997
33004,4,2,2,23266,38.52,RN,2,20702,32.37,False,2564,6.150000000000006
33005,1,2,2,39656,49.37,RN,1,35457,42.32,True,4199,7.049999999999997
33005,5,1,2,40665,50.63,UG,2,26631,31.79,True,14034,18.840000000000003
33006,2,3,3,21600,27.64,RN,3,21174,27.07,False,426,0.5700000000000003
33006,5,2,3,25455,32.58,ENS,2,25636,32.78,False,-181,-0.20000000000000284
33006,7,1,3,31079,39.78,UG,1,27564,35.24,False,3515,4.539999999999999
33007,1,3,3,12644,22.33,RN,3,12766,22.43,False,-122,-0.10000000000000142
33007,3,1,3,24810,43.82,UG,1,21913,38.5,False,2897,5.32
33007,4,2,3,19164,33.85,ENS,2,18854,33.12,False,310,0.730000000000004
33008,5,2,2,36137,43.59,RN,1,31248,36.86,True,4889,6.730000000000004
33008,6,1,2,46756,56.41,ENS,2,26881,31.71,True,19875,24.699999999999996
33009,1,1,2,40190,56.99,ENS,2,21714,30.03,True,18476,26.96
33009,5,2,2,30337,43.01,RN,1,27868,38.54,True,2469,4.469999999999999
33010,2,1,2,28960,52.17,ENS,2,17128,29.96,True,11832,22.21
33010,4,2,2,26555,47.83,RN,1,25037,43.8,True,1518,4.030000000000001
33012,3,1,2,28474,50.41,UG,2,18042,28.85,True,10432,21.559999999999995
33012,4,2,2,28014,49.59,RN,1,24016,38.41,True,3998,11.180000000000007
40001,3,2,2,31768,43.22,RN,1,28138,37.23,True,3630,5.990000000000002
40001,4,1,2,41736,56.78,ENS,2,21353,28.25,True,20383,28.53
40002,1,2,2,32167,38.19,RN,1,28264,32.6,True,3903,5.589999999999996
40002,5,1,2,52064,61.81,ENS,2,26051,30.05,True,26013,31.76
40003,2,2,2,29491,43.35,RN,2,25165,35.59,False,4326,7.759999999999998
40003,3,1,2,38537,56.65,UG,1,26235,37.1,False,12302,19.549999999999997
47001,4,2,2,28208,47.68,RN,1,26034,43.11,True,2174,4.57
47001,5,1,2,30952,52.32,ENS,2,17155,28.41,True,13797,23.91
47002,1,2,2,21103,42.8,UG,2,13787,26.89,False,7316,15.909999999999997
47002,3,1,2,28203,57.2,RN,1,25281,49.31,False,2922,7.890000000000001
47003,1,2,2,23464,45.87,RN,1,21168,41.08,True,2296,4.789999999999999
47003,2,1,2,27689,54.13,DVD,2,12876,24.99,True,14813,29.140000000000004
64001,3,1,2,30942,66.69,ENS,2,12939,26.82,True,18003,39.87
64001,7,2,2,15455,33.31,RN,1,13490,27.96,True,1965,5.350000000000001
64002,5,1,2,37347,63.74,ENS,2,17972,29.6,True,19375,34.14
64002,6,2,2,21242,36.26,RN,1,18910,31.14,True,2332,5.119999999999997
64003,2,2,2,20530,35.5,RN,2,18670,31.55,False,1860,3.9499999999999993
64003,5,1,2,37303,64.5,DVG,1,22271,37.63,False,15032,26.869999999999997
64004,2,1,3,27762,47.92,UG,1,21968,38.01,False,5794,9.910000000000004
64004,3,3,3,13419,23.16,DVD,3,10434,18.05,False,2985,5.109999999999999
64004,4,2,3,16753,28.92,RN,2,14806,25.62,False,1947,3.3000000000000007
64005,5,1,2,40607,62.64,UG,1,22643,32.3,False,17964,30.340000000000003
64005,9,2,2,24221,37.36,RN,2,19308,27.54,False,4913,9.82
64006,2,1,3,27117,36.28,UG,1,21650,29.42,False,5467,6.859999999999999
64006,3,3,3,21222,28.39,UXD,3,18610,25.29,False,2612,3.1000000000000014
64006,9,2,3,26403,35.33,ENS,2,19806,26.92,False,6597,8.409999999999997
79001,1,2,3,20526,32.63,UG,2,20571,32.79,False,-45,-0.1599999999999966
79001,5,3,3,15732,25.01,RN,3,15447,24.62,False,285,0.39000000000000057
79001,6,1,3,26655,42.37,DVC,1,25247,40.24,False,1408,2.1299999999999955
79002,1,1,2,37808,59.21,ECO,1,25435,38.57,False,12373,20.64
79002,4,2,2,26048,40.79,RN,2,22500,34.12,False,3548,6.670000000000002
79003,3,1,2,31821,58.11,ENS,2,17352,31.12,True,14469,26.99
79003,4,2,2,22936,41.89,UXD,1,19671,35.27,True,3265,6.619999999999997
86001,1,2,3,16858,30.23,RN,2,15918,28.93,False,940,1.3000000000000007
86001,3,3,3,16244,29.13,HOR,3,15875,28.85,False,369,0.2799999999999976
86001,5,1,3,22660,40.64,UG,1,18232,33.14,False,4428,7.5
86002,1,3,3,14473,25.38,RN,3,13864,24.42,False,609,0.9599999999999973
86002,4,2,3,18666,32.73,UG,2,16254,28.63,False,2412,4.099999999999998
86002,6,1,3,23895,41.9,ENS,1,18855,33.21,False,5040,8.689999999999998
86003,1,1,2,26100,54.41,ENS,2,14704,30.18,True,11396,24.229999999999997
86003,4,2,2,21868,45.59,RN,1,19887,40.82,True,1981,4.770000000000003
86004,5,1,2,25152,53.95,ENS,2,15076,32.11,True,10076,21.840000000000003
86004,6,2,2,21468,46.05,RN,1,19268,41.04,True,2200,5.009999999999998
87001,2,1,3,24713,42.2,UG,1,21271,36.94,False,3442,5.260000000000005
87001,3,3,3,13453,22.97,ENS,3,15544,26.99,False,-2091,-4.02
87001,4,2,3,20400,34.83,RN,2,18904,32.83,False,1496,2.0
87002,1,1,2,36679,56.06,UG,2,25520,36.83,True,11159,19.230000000000004
87002,3,2,2,28751,43.94,RN,1,25539,36.86,True,3212,7.079999999999998
87003,1,2,3,20992,37.05,RN,2,19310,34.85,False,1682,2.1999999999999957
87003,3,3,3,12573,22.19,DVC,3,14768,26.65,False,-2195,-4.459999999999997
87003,4,1,3,23095,40.76,UG,1,19494,35.18,False,3601,5.579999999999998
09002,4,2,2,17760,42.93,RN,2,16678,40.41,False,1082,2.520000000000003
09002,5,1,2,23608,57.07,UG,1,19911,48.25,False,3697,8.82
11001,8,1,2,37049,61.44,RN,1,32916,49.33,False,4133,12.11
11001,9,2,2,23251,38.56,UG,2,12475,18.7,False,10776,19.860000000000003
11002,5,1,2,33573,58.22,RN,1,29212,48.12,False,4361,10.100000000000001
11002,8,2,2,24092,41.78,UG,2,15795,26.02,False,8297,15.760000000000002
11003,3,2,2,29004,47.93,UG,2,20426,32.67,False,8578,15.259999999999998
11003,5,1,2,31514,52.07,RN,1,27946,44.7,False,3568,7.369999999999997
12001,2,1,2,34706,65.17,ENS,1,24349,43.58,False,10357,21.590000000000003
12001,5,2,2,18547,34.83,RN,2,17586,31.48,False,961,3.349999999999998
12002,1,2,2,19159,44.31,RN,1,15922,33.11,True,3237,11.200000000000003
12002,2,1,2,24084,55.69,UG,2,15738,32.73,True,8346,22.96
12003,2,1,2,29696,60.29,ENS,2,16514,32.45,True,13182,27.839999999999996
12003,5,2,2,19561,39.71,UXD,1,18044,35.46,True,1517,4.25
30001,4,2,2,23856,45.78,UG,2,16747,29.54,False,7109,16.240000000000002
30001,5,1,2,28259,54.22,RN,1,24894,43.91,False,3365,10.310000000000002
30003,5,1,2,35685,58.68,RN,1,31465,47.48,False,4220,11.200000000000003
30003,7,2,2,25133,41.32,UG,2,15181,22.91,False,9952,18.41
30004,2,2,2,25832,42.36,UG,2,17639,27.38,False,8193,14.98
30004,5,1,2,35144,57.64,RN,1,31366,48.69,False,3778,8.950000000000003
30005,3,1,2,32628,51.58,UXD,1,27602,41.01,False,5026,10.57
30005,4,2,2,30633,48.42,UG,2,22228,33.03,False,8405,15.39
30006,5,2,2,25381,48.6,UG,2,15992,28.77,False,9389,19.830000000000002
30006,6,1,2,26838,51.4,RN,1,23382,42.07,False,3456,9.329999999999998
31001,2,1,3,29059,49.97,UG,1,26985,45.52,False,2074,4.449999999999996
31001,3,2,3,15841,27.24,ENS,2,16063,27.1,False,-222,0.13999999999999702
31001,4,3,3,13254,22.79,RN,3,12636,21.32,False,618,1.4699999999999989
31002,2,1,3,33063,44.41,UG,1,30402,40.53,False,2661,3.8799999999999955
31002,3,3,3,20575,27.63,RN,3,19815,26.41,False,760,1.2199999999999989
31002,7,2,3,20819,27.96,ENS,2,20934,27.91,False,-115,0.05000000000000071
31003,1,3,3,13366,22.28,RN,3,13022,21.38,False,344,0.9000000000000021
31003,6,1,3,23650,39.42,ENS,2,20227,33.2,True,3423,6.219999999999999
31003,10,2,3,22986,38.31,UG,1,21064,34.58,True,1922,3.730000000000004
31005,3,1,2,41533,56.22,ENS,2,22267,29.43,True,19266,26.79
31005,5,2,2,32338,43.78,RN,1,29897,39.52,True,2441,4.259999999999998
31006,4,1,2,47670,60.4,UG,1,29031,34.03,False,18639,26.369999999999997
31006,5,2,2,31256,39.6,RN,2,26379,30.92,False,4877,8.68
31007,3,1,2,35228,50.78,UG,2,24681,33.17,True,10547,17.61
31007,4,2,2,34145,49.22,UXD,1,30042,40.37,True,4103,8.850000000000001
31008,2,2,2,27665,48.13,RN,1,23893,40.54,True,3772,7.590000000000003
31008,5,1,2,29813,51.87,UG,2,21751,36.9,True,8062,14.969999999999999
31009,3,3,3,10417,18.81,ENS,3,12451,22.36,False,-2034,-3.5500000000000007
31009,4,1,3,30177,54.5,UG,1,26472,47.53,False,3705,6.969999999999999
31009,5,2,3,14775,26.68,RN,2,13865,24.89,False,910,1.7899999999999991
31010,2,2,2,28645,38.93,RN,2,23993,30.37,False,4652,8.559999999999999
31010,8,1,2,44932,61.07,UG,1,28631,36.24,False,16301,24.83
32001,1,1,2,29185,58.48,ENS,2,16072,30.9,True,13113,27.58
32001,6,2,2,20720,41.52,RN,1,18575,35.71,True,2145,5.810000000000002
32002,1,2,2,21154,40.63,RN,2,18739,35.49,False,2415,5.140000000000001
32002,3,1,2,30912,59.37,DVG,1,24185,45.8,False,6727,13.57
34001,1,2,2,25868,44.81,UXD,1,20891,34.11,True,4977,10.700000000000003
34001,3,1,2,31864,55.19,UG,2,20851,34.04,True,11013,21.15
34003,2,1,2,36860,58.29,UG,1,22968,33.9,False,13892,24.39
34003,6,2,2,26379,41.71,RN,2,21872,32.28,False,4507,9.43
34004,1,1,2,40186,50.49,RN,1,35216,41.26,False,4970,9.230000000000004
34004,5,2,2,39408,49.51,UG,2,28171,33.0,False,11237,16.509999999999998
34005,5,1,2,36171,55.36,RN,1,32781,48.88,False,3390,6.479999999999997
34005,6,2,2,29172,44.64,UG,2,21640,32.27,False,7532,12.369999999999997
34006,3,2,3,18091,29.19,DVD,2,16968,27.25,False,1123,1.9400000000000013
34006,4,1,3,29288,47.26,RN,1,25563,41.05,False,3725,6.210000000000001
34006,5,3,3,14592,23.55,UG,3,13126,21.08,False,1466,2.4700000000000024
34008,2,1,2,29841,50.33,UG,2,21061,32.71,True,8780,17.619999999999997
34008,4,2,2,29446,49.67,RN,1,25831,40.12,True,3615,9.550000000000004
34009,7,2,2,26353,48.1,UG,2,17463,29.27,False,8890,18.830000000000002
34009,9,1,2,28433,51.9,UXD,1,21734,36.43,False,6699,15.469999999999999
46001,2,1,3,28049,53.78,LR,1,22180,42.25,False,5869,11.530000000000001
46001,4,2,3,12129,23.26,UG,2,12775,24.33,False,-646,-1.0699999999999967
46001,5,3,3,11975,22.96,RN,3,12108,23.06,False,-133,-0.09999999999999787
46002,1,3,3,9870,20.66,ENS,3,12752,26.96,False,-2882,-6.300000000000001
46002,2,1,3,22374,46.83,UG,1,18079,38.22,False,4295,8.61
46002,5,2,3,15531,32.51,RN,2,14369,30.38,False,1162,2.129999999999999
48001,1,2,3,17347,39.41,RN,2,14743,33.91,False,2604,5.5
48001,3,3,3,7576,17.21,DVD,3,10451,24.04,False,-2875,-6.829999999999998
48001,5,1,3,19097,43.38,UG,1,15292,35.17,False,3805,8.21
65001,1,2,2,24937,46.89,RN,1,20272,34.09,True,4665,12.799999999999997
65001,4,1,2,28245,53.11,UG,2,17564,29.53,True,10681,23.58
65002,5,1,2,29345,51.72,UG,2,17055,28.09,True,12290,23.63
65002,7,2,2,27395,48.28,RN,1,22436,36.96,True,4959,11.32
66001,1,1,2,25150,57.58,RN,1,21633,45.24,False,3517,12.339999999999996
66001,2,2,2,18525,42.42,UG,2,12184,25.48,False,6341,16.94
66003,5,1,2,29118,56.28,RN,1,25363,45.57,False,3755,10.71
66003,6,2,2,22623,43.72,UG,2,15603,28.03,False,7020,15.689999999999998
66004,2,1,2,38045,58.14,RN,1,33159,47.9,False,4886,10.240000000000002
66004,6,2,2,27395,41.86,UG,2,17963,25.95,False,9432,15.91
81001,4,2,2,25322,43.77,RN,1,23237,39.53,True,2085,4.240000000000002
81001,5,1,2,32529,56.23,DVC,2,17352,29.52,True,15177,26.709999999999997
81002,3,1,2,35447,50.73,UG,2,24048,31.63,True,11399,19.099999999999998
81002,6,2,2,34425,49.27,RN,1,28850,37.94,True,5575,11.330000000000005
81003,4,1,2,36127,50.99,ENS,2,20870,28.6,True,15257,22.39
81003,5,2,2,34722,49.01,UXD,1,31748,43.51,True,2974,5.5
82001,1,1,2,32394,51.25,UXD,1,27772,43.93,False,4622,7.32
82001,3,2,2,30813,48.75,UG,2,23271,36.81,False,7542,11.939999999999998
82002,1,2,2,23166,38.49,UG,2,12286,18.54,False,10880,19.950000000000003
82002,4,1,2,37015,61.51,RN,1,32578,49.17,False,4437,12.339999999999996
01001,2,2,2,26116,43.52,RN,1,23819,39.37,True,2297,4.150000000000006
01001,3,1,2,33889,56.48,LR,2,14495,23.96,True,19394,32.519999999999996
01002,1,2,2,31766,44.91,RN,1,28189,39.2,True,3577,5.709999999999994
01002,2,1,2,38973,55.09,ENS,2,17414,24.21,True,21559,30.880000000000003
01003,1,1,2,32958,63.0,ENS,1,17420,32.43,False,15538,30.57
01003,6,2,2,19359,37.0,RN,2,17252,32.11,False,2107,4.890000000000001
01004,5,2,2,31437,48.65,ENS,2,14367,21.87,False,17070,26.779999999999998
01004,6,1,2,33186,51.35,RN,1,30221,46.01,False,2965,5.340000000000003
01005,4,2,2,19964,42.47,UG,2,12542,24.34,False,7422,18.13
01005,8,1,2,27040,57.53,UXD,1,20161,39.12,False,6879,18.410000000000004
03001,2,1,2,28411,50.51,UG,2,17043,28.84,True,11368,21.669999999999998
03001,7,2,2,27839,49.49,RN,1,22816,38.61,True,5023,10.880000000000003
03002,1,1,3,22990,43.27,RN,1,17810,34.33,False,5180,8.940000000000005
03002,2,2,3,15526,29.22,LR,3,10204,19.67,True,5322,9.549999999999997
03002,3,3,3,14618,27.51,UG,2,12482,24.06,True,2136,3.450000000000003
03003,1,1,2,31075,59.07,LR,1,21464,40.05,False,9611,19.020000000000003
03003,2,2,2,21528,40.93,RN,2,20270,37.82,False,1258,3.1099999999999994
07001,2,2,2,25419,47.32,RN,1,21736,39.95,True,3683,7.369999999999997
07001,6,1,2,28303,52.68,UG,2,20809,38.24,True,7494,14.439999999999998
07002,4,2,2,30372,47.24,UG,2,17051,24.97,False,13321,22.270000000000003
07002,5,1,2,33926,52.76,UXD,1,24417,35.75,False,9509,17.009999999999998
07003,4,3,3,18125,30.76,UG,2,16239,28.31,True,1886,2.450000000000003
07003,5,1,3,20414,34.65,DVD,3,15194,26.48,True,5220,8.169999999999998
07003,8,2,3,20378,34.59,RN,1,18328,31.95,True,2050,2.640000000000004
15001,1,1,2,28330,65.89,DVD,1,16615,37.66,False,11715,28.230000000000004
15001,6,2,2,14668,34.11,RN,2,13361,30.29,False,1307,3.8200000000000003
15002,3,2,2,13967,39.29,RN,2,11923,33.02,False,2044,6.269999999999996
15002,7,1,2,21585,60.71,DVD,1,12383,34.29,False,9202,26.42
26001,1,2,2,21351,43.76,RN,2,16144,31.08,False,5207,12.68
26001,6,1,2,27439,56.24,UG,1,16835,32.41,False,10604,23.830000000000005
26002,3,1,2,33755,58.28,RN,1,27507,42.85,False,6248,15.43
26002,4,2,2,24159,41.72,UG,2,14642,22.81,False,9517,18.91
26003,2,1,2,43483,56.59,UG,1,30618,37.96,False,12865,18.630000000000003
26003,6,2,2,33360,43.41,UXD,2,26019,32.26,False,7341,11.149999999999999
26004,2,2,3,22818,32.08,UG,2,18222,26.27,False,4596,5.809999999999999
26004,4,3,3,18473,25.97,LR,3,16635,23.98,False,1838,1.9899999999999984
26004,6,1,3,29846,41.96,RN,1,26621,38.37,False,3225,3.5900000000000034
38001,3,3,3,10865,17.41,UXD,3,11504,18.34,False,-639,-0.9299999999999997
38001,4,1,3,26438,42.35,UG,1,25207,40.19,False,1231,2.1600000000000037
38001,5,2,3,25120,40.24,ENS,2,21089,33.62,False,4031,6.6200000000000045
38002,1,1,2,30855,62.07,UG,1,22185,42.17,False,8670,19.9
38002,5,2,2,18854,37.93,RN,2,16043,30.5,False,2811,7.43
38003,3,1,2,24837,69.61,UG,1,16933,42.84,False,7904,26.769999999999996
38003,7,2,2,10844,30.39,RN,2,8989,22.74,False,1855,7.650000000000002
38004,2,2,2,24849,40.08,UXD,2,20812,32.12,False,4037,7.960000000000001
38004,6,1,2,37148,59.92,UG,1,27548,42.52,False,9600,17.4
38005,1,1,2,43281,59.95,UG,1,27991,36.42,False,15290,23.53
38005,7,2,2,28914,40.05,RN,2,23674,30.8,False,5240,9.249999999999996
38006,2,1,2,34116,62.16,RN,1,29167,47.55,False,4949,14.61
38006,6,2,2,20768,37.84,UG,2,12791,20.85,False,7977,16.990000000000002
38007,1,2,2,30623,45.67,RN,1,28531,42.1,True,2092,3.5700000000000003
38007,5,1,2,36434,54.33,LR,2,18678,27.56,True,17756,26.77
38008,3,2,2,24601,45.9,UG,2,14021,24.5,False,10580,21.4
38008,4,1,2,28995,54.1,UXD,1,22847,39.92,False,6148,14.18
38009,1,2,2,29973,47.37,RN,1,24106,34.04,True,5867,13.329999999999998
38009,8,1,2,33299,52.63,UG,2,19825,27.99,True,13474,24.640000000000004
38010,1,2,2,26904,44.6,UG,2,16833,25.43,False,10071,19.17
38010,5,1,2,33413,55.4,RN,1,28348,42.83,False,5065,12.57
42001,4,2,2,15762,39.61,RN,2,13296,31.97,False,2466,7.640000000000001
42001,6,1,2,24032,60.39,UG,1,16778,40.34,False,7254,20.049999999999997
42002,1,2,3,9128,28.54,RN,2,8595,27.13,False,533,1.4100000000000001
42002,4,3,3,7268,22.73,UDI,3,7310,23.08,False,-42,-0.34999999999999787
42002,6,1,3,15584,48.73,UG,1,13652,43.09,False,1932,5.6399999999999935
42003,1,1,2,30634,55.46,ENS,2,16243,29.11,True,14391,26.35
42003,2,2,2,24604,44.54,RN,1,22813,40.89,True,1791,3.6499999999999986
42004,1,1,2,38420,55.42,LR,2,21649,30.72,True,16771,24.700000000000003
42004,3,2,2,30903,44.58,RN,1,28753,40.8,True,2150,3.780000000000001
42005,3,2,3,26893,37.54,RN,2,25644,36.09,False,1249,1.4499999999999957
42005,4,3,3,8130,11.35,UG,3,13039,18.35,False,-4909,-7.000000000000002
42005,5,1,3,36613,51.11,LR,1,29832,41.99,False,6781,9.119999999999997
42006,2,1,2,42621,55.17,LR,2,21724,27.81,True,20897,27.360000000000003
42006,5,2,2,34627,44.83,RN,1,31016,39.71,True,3611,5.119999999999997
43001,3,2,2,26684,38.39,RN,2,25091,34.18,False,1593,4.210000000000001
43001,5,1,2,42828,61.61,LR,1,27013,36.8,False,15815,24.810000000000002
43002,1,1,2,34629,64.53,LR,1,21573,38.69,False,13056,25.840000000000003
43002,5,2,2,19033,35.47,RN,2,17885,32.08,False,1148,3.3900000000000006
63001,3,3,3,14898,27.1,ENS,3,13156,24.08,False,1742,3.020000000000003
63001,4,1,3,23772,43.24,UG,1,20841,38.14,False,2931,5.100000000000001
63001,5,2,3,16311,29.67,RN,2,15025,27.5,False,1286,2.1700000000000017
63002,1,2,2,26453,43.37,RN,2,21986,34.34,False,4467,9.029999999999994
63002,5,1,2,34546,56.63,UG,1,23175,36.2,False,11371,20.43
63003,2,2,3,21525,33.55,ENS,2,16800,26.03,False,4725,7.519999999999996
63003,6,3,3,18822,29.33,RN,3,16735,25.93,False,2087,3.3999999999999986
63003,8,1,3,23816,37.12,UG,1,20470,31.72,False,3346,5.399999999999999
63004,1,1,2,42379,62.29,ENS,2,19299,27.38,True,23080,34.91
63004,4,2,2,25658,37.71,RN,1,22289,31.63,True,3369,6.080000000000002
63005,4,1,2,38292,55.27,UG,1,27134,37.77,False,11158,17.5
63005,5,2,2,30991,44.73,RN,2,26595,37.02,False,4396,7.709999999999994
69001,1,1,3,23970,46.6,UG,1,22300,42.4,False,1670,4.200000000000003
69001,2,2,3,18115,35.22,ENS,2,15631,29.72,False,2484,5.5
69001,4,3,3,9351,18.18,RN,3,9521,18.1,False,-170,0.0799999999999983
69002,4,2,2,21385,41.42,ENS,2,14455,25.12,False,6930,16.3
69002,6,1,2,30239,58.58,UG,1,28567,49.65,False,1672,8.93
69004,1,1,3,24852,42.48,UG,1,22959,38.0,False,1893,4.479999999999997
69004,4,3,3,10449,17.86,RN,3,10818,17.91,False,-369,-0.05000000000000071
69004,8,2,3,23208,39.67,ENS,2,18744,31.03,False,4464,8.64
69005,2,1,3,30324,45.66,ENS,1,21552,32.01,False,8772,13.649999999999999
69005,4,2,3,19411,29.23,RN,3,17090,25.38,True,2321,3.8500000000000014
69005,5,3,3,16671,25.1,UG,2,17831,26.48,True,-1160,-1.379999999999999
69006,2,1,2,25352,50.57,UG,1,27294,46.29,False,-1942,4.280000000000001
69006,3,2,2,24782,49.43,DVG,2,11755,19.94,False,13027,29.49
69007,2,1,3,21966,50.04,UG,1,20062,46.0,False,1904,4.039999999999999
69007,3,2,3,13214,30.1,ENS,2,11799,27.05,False,1415,3.0500000000000007
69007,4,3,3,8721,19.87,RN,3,9280,21.28,False,-559,-1.4100000000000001
69008,1,1,4,29317,37.9,RN,1,25808,33.46,False,3509,4.439999999999998
69008,2,3,4,23439,30.3,UG,2,17548,22.75,True,5891,7.550000000000001
69008,5,2,4,24556,31.74,LR,4,15941,20.66,True,8615,11.079999999999998
69008,6,4,4,51,0.07,ENS,3,16338,21.18,True,-16287,-21.11
69009,4,2,2,26836,39.63,UXD,1,24464,35.41,True,2372,4.220000000000006
69009,5,1,2,40872,60.37,LR,2,17554,25.41,True,23318,34.959999999999994
69010,2,2,2,26562,37.07,RN,2,22941,31.15,False,3621,5.920000000000002
69010,3,1,2,45099,62.93,ENS,1,23963,32.54,False,21136,30.39
69011,3,2,2,29069,43.2,UXD,1,25371,36.81,True,3698,6.390000000000001
69011,6,1,2,38214,56.8,ENS,2,18564,26.93,True,19650,29.869999999999997
69012,1,3,3,16677,27.88,RN,3,15003,24.96,False,1674,2.919999999999998
69012,3,2,3,19938,33.33,UG,1,18044,30.02,True,1894,3.3099999999999987
69012,4,1,3,23200,38.79,ENS,2,17411,28.97,True,5789,9.82
69013,2,1,2,28871,51.87,RN,1,22417,36.35,False,6454,15.519999999999996
69013,5,2,2,26794,48.13,UG,2,16178,26.23,False,10616,21.900000000000002
69014,1,1,2,27268,64.99,UG,1,21854,48.78,False,5414,16.209999999999994
69014,3,2,2,14689,35.01,RN,2,12637,28.21,False,2052,6.799999999999997
73001,5,2,2,27170,41.92,UXD,1,23992,36.16,True,3178,5.760000000000005
73001,6,1,2,37644,58.08,ENS,2,23381,35.24,True,14263,22.839999999999996
73002,1,1,2,30016,60.38,LR,1,18593,36.84,False,11423,23.54
73002,2,2,2,19694,39.62,RN,2,17762,35.19,False,1932,4.43
73003,2,2,2,19961,38.84,RN,2,19023,35.98,False,938,2.8600000000000065
73003,3,1,2,31430,61.16,LR,1,21605,40.86,False,9825,20.299999999999997
73004,2,1,2,29313,59.02,UG,1,20297,36.87,False,9016,22.150000000000006
73004,3,2,2,20354,40.98,RN,2,16642,30.23,False,3712,10.749999999999996
74001,4,2,2,27383,35.77,RN,2,24500,31.09,False,2883,4.680000000000003
74001,6,1,2,49164,64.23,ENS,1,28079,35.64,False,21085,28.590000000000003
74002,2,2,2,21371,31.17,RN,2,20583,28.8,False,788,2.370000000000001
74002,6,1,2,47182,68.83,ENS,1,23783,33.27,False,23399,35.559999999999995
74003,1,2,2,26309,43.81,UXD,1,24182,39.68,True,2127,4.130000000000003
74003,5,1,2,33738,56.19,DVD,2,19726,32.37,True,14012,23.82
74004,4,2,2,16911,31.11,RN,2,16159,28.85,False,752,2.259999999999998
74004,7,1,2,37452,68.89,LR,1,20865,37.25,False,16587,31.64
74005,1,1,2,41609,62.13,ENS,2,21124,31.08,True,20485,31.050000000000004
74005,3,2,2,25359,37.87,UXD,1,21822,32.1,True,3537,5.769999999999996
74006,1,1,2,31509,58.84,ENS,2,18805,34.68,True,12704,24.160000000000004
74006,5,2,2,22041,41.16,UXD,1,19639,36.21,True,2402,4.949999999999996
04001,5,1,2,21535,54.19,RN,1,18616,44.3,False,2919,9.89
04001,6,2,2,18206,45.81,UG,2,11457,27.26,False,6749,18.55
04002,2,1,2,21655,50.97,UXD,1,18314,40.89,False,3341,10.079999999999998
04002,4,2,2,20834,49.03,UG,2,14774,32.99,False,6060,16.04
05001,1,2,2,18955,48.36,RN,1,15772,38.24,True,3183,10.119999999999997
05001,3,1,2,20242,51.64,UG,2,12568,30.47,True,7674,21.17
05002,3,1,2,20509,56.35,UG,2,12661,32.7,True,7848,23.65
05002,5,2,2,15887,43.65,RN,1,13115,33.88,True,2772,9.769999999999996
06001,1,2,3,16077,32.13,UG,2,13499,26.62,False,2578,5.510000000000002
06001,4,3,3,11374,22.73,ENS,3,11558,22.79,False,-184,-0.05999999999999872
06001,7,1,3,22585,45.14,UXD,1,20809,41.04,False,1776,4.100000000000001
06002,1,2,2,18893,36.22,UG,2,11339,19.01,False,7554,17.209999999999997
06002,7,1,2,33273,63.78,RN,1,28676,48.08,False,4597,15.700000000000003
06003,3,2,2,24897,46.29,UG,2,15754,27.24,False,9143,19.05
06003,4,1,2,28884,53.71,UXD,1,23983,41.47,False,4901,12.240000000000002
06007,1,2,2,26672,41.27,RN,1,23921,36.32,True,2751,4.950000000000003
06007,6,1,2,37955,58.73,LR,2,16389,24.88,True,21566,33.849999999999994
06008,1,2,2,25278,47.43,RN,1,23010,42.74,True,2268,4.689999999999998
06008,2,1,2,28012,52.57,LR,2,15284,28.39,True,12728,24.18
06009,1,2,2,25206,47.01,RN,1,22921,42.31,True,2285,4.699999999999996
06009,3,1,2,28407,52.99,LR,2,18334,33.84,True,10073,19.15
13001,1,2,2,22367,44.14,UG,2,14340,26.9,False,8027,17.240000000000002
13001,2,1,2,28304,55.86,RN,1,24276,45.54,False,4028,10.32
13002,2,1,2,28677,53.64,UG,2,16740,28.49,True,11937,25.150000000000002
13002,4,2,2,24789,46.36,RN,1,18836,32.06,True,5953,14.299999999999997
13003,1,2,2,22034,49.07,UG,2,16642,35.68,False,5392,13.39
13003,7,1,2,22869,50.93,RN,1,19938,42.75,False,2931,8.18
13005,7,2,2,15638,34.05,RN,1,12938,25.77,True,2700,8.279999999999998
13005,10,1,2,30287,65.95,DVG,2,12271,24.44,True,18016,41.510000000000005
13006,2,1,2,24745,52.33,UXD,1,19151,38.27,False,5594,14.059999999999995
13006,10,2,2,22537,47.67,UG,2,14119,28.22,False,8418,19.450000000000003
13008,1,1,2,34269,50.24,RN,1,30987,44.63,False,3282,5.609999999999999
13008,4,2,2,33940,49.76,ENS,2,18563,26.73,False,15377,23.029999999999998
13009,2,2,2,26065,41.96,UG,2,15867,23.76,False,10198,18.2
13009,5,1,2,36050,58.04,RN,1,30188,45.2,False,5862,12.839999999999996
13010,2,1,2,41372,55.66,RN,1,37672,48.83,False,3700,6.829999999999998
13010,3,2,2,32960,44.34,ENS,2,16619,21.54,False,16341,22.800000000000004
13011,4,1,2,29570,50.23,UG,2,17374,27.54,True,12196,22.689999999999998
13011,5,2,2,29298,49.77,RN,1,24524,38.87,True,4774,10.900000000000006
13013,1,1,2,31084,52.87,RN,1,27908,47.53,False,3176,5.339999999999996
13013,4,2,2,27707,47.13,UG,2,21147,36.02,False,6560,11.11
13014,1,1,3,25880,37.26,UXD,1,21734,31.65,False,4146,5.609999999999999
13014,2,2,3,25022,36.03,UG,2,20242,29.48,False,4780,6.550000000000001
13014,3,3,3,18553,26.71,ENS,3,19853,28.91,False,-1300,-2.1999999999999993
13015,2,1,2,43745,65.18,RN,1,37493,49.48,False,6252,15.70000000000001
13015,4,2,2,23368,34.82,UG,2,15314,20.21,False,8054,14.61
13016,3,2,2,25296,43.87,UG,2,17896,29.92,False,7400,13.949999999999996
13016,5,1,2,32359,56.13,RN,1,28179,47.12,False,4180,9.010000000000005
83001,1,2,2,20622,47.15,RN,1,19233,42.28,True,1389,4.869999999999997
83001,3,1,2,23114,52.85,ENS,2,14270,31.37,True,8844,21.48
83003,2,1,2,35730,53.11,RN,1,32343,46.51,False,3387,6.600000000000001
83003,9,2,2,31543,46.89,ENS,2,14057,20.21,False,17486,26.68
83007,5,1,2,36043,55.81,RN,1,32748,48.3,False,3295,7.510000000000005
83007,10,2,2,28544,44.19,ENS,2,12567,18.53,False,15977,25.659999999999997
84001,2,2,2,18739,45.02,RN,1,15595,34.62,True,3144,10.400000000000006
84001,8,1,2,22883,54.98,UG,2,11155,24.76,True,11728,30.219999999999995
84002,6,1,2,31162,56.92,RN,1,26665,45.95,False,4497,10.969999999999999
84002,7,2,2,23583,43.08,UG,2,14421,24.85,False,9162,18.229999999999997
84004,3,1,2,35853,65.43,RN,1,30192,49.89,False,5661,15.540000000000006
84004,8,2,2,18946,34.57,UG,2,11887,19.64,False,7059,14.93
84005,1,1,2,29669,55.39,RN,1,25415,45.03,False,4254,10.36
84005,2,2,2,23891,44.61,UG,2,15329,27.16,False,8562,17.45
2A001,7,1,2,20893,63.2,ENS,2,10210,30.7,True,10683,32.5
2A001,8,2,2,12163,36.8,RN,1,10377,31.2,True,1786,5.599999999999998
2A002,1,1,2,23969,59.21,REG,2,10266,26.45,True,13703,32.760000000000005
2A002,5,2,2,16509,40.79,RN,1,13620,35.1,True,2889,5.689999999999998
2B001,2,1,2,24667,64.33,REG,1,11962,31.74,False,12705,32.59
2B001,8,2,2,13677,35.67,RN,2,10855,28.8,False,2822,6.870000000000001
2B002,2,2,2,20436,45.52,REG,2,12698,28.63,False,7738,16.890000000000004
2B002,3,1,2,24458,54.48,DVD,1,15100,34.05,False,9358,20.43
